driverId,Driver,TotalRaces,TotalPoints,TotalWins,TotalPodiums,TotalDNFs,AvgFinishPos,AvgGridDelta,PPR,WinRate,PodiumRate,DNFRate,CareerAlpha,QualWinPct,MedianQ1Ms
1,Lewis Hamilton,208,2610.0,62,117,25,5.485576923076923,-1.3653846153846154,12.548076923076923,0.2980769230769231,0.5625,0.1201923076923077,0.6151977537426455,61.46341463414634,91131.0
2,Nick Heidfeld,184,259.0,0,13,49,10.722826086956522,0.6141304347826086,1.4076086956521738,0.0,0.07065217391304347,0.266304347826087,0.26749758305324606,51.07913669064749,83844.0
3,Nico Rosberg,206,1594.5,23,57,31,8.25242718446602,-1.3495145631067962,7.740291262135922,0.11165048543689321,0.2766990291262136,0.15048543689320387,0.11644178405014322,57.073170731707314,88889.0
4,Fernando Alonso,293,1849.0,32,97,60,7.911262798634812,0.27303754266211605,6.310580204778157,0.10921501706484642,0.3310580204778157,0.20477815699658702,1.6239396105664488,66.66666666666666,87328.0
5,Heikki Kovalainen,112,105.0,1,4,23,13.285714285714286,0.45535714285714285,0.9375,0.008928571428571428,0.03571428571428571,0.20535714285714285,-1.0976337903582485,57.14285714285714,89025.5
6,Kazuki Nakajima,36,9.0,0,0,7,13.083333333333334,0.7222222222222222,0.25,0.0,0.0,0.19444444444444445,-0.6333061002178649,19.444444444444446,87219.0
7,S횄혣횂짤bastien Bourdais,27,6.0,0,0,8,14.148148148148149,0.6666666666666666,0.2222222222222222,0.0,0.0,0.2962962962962963,-0.4153050108932462,,
8,Kimi R횄혣_ikk횄혣횂짝nen,273,1565.0,20,91,65,7.813186813186813,-1.1360294117647058,5.732600732600733,0.07326007326007326,0.3333333333333333,0.23809523809523808,0.33063494793628945,51.89873417721519,86792.0
9,Robert Kubica,76,273.0,1,12,13,8.789473684210526,-1.131578947368421,3.5921052631578947,0.013157894736842105,0.15789473684210525,0.17105263157894737,0.6736297442953789,63.1578947368421,86728.5
10,Timo Glock,95,51.0,0,3,21,15.23157894736842,2.0425531914893615,0.5368421052631579,0.0,0.031578947368421054,0.22105263157894736,0.006753812636165579,57.446808510638306,91986.5
11,Takuma Sato,91,44.0,0,1,33,13.461538461538462,1.0879120879120878,0.4835164835164835,0.0,0.01098901098901099,0.3626373626373626,-0.08820028011204474,45.20547945205479,83749.0
12,Nelson Piquet Jr.,28,19.0,0,1,11,13.392857142857142,0.2857142857142857,0.6785714285714286,0.0,0.03571428571428571,0.39285714285714285,-0.8382352941176471,,
13,Felipe Massa,271,1167.0,11,41,46,8.99630996309963,-0.5111111111111111,4.306273062730627,0.04059040590405904,0.15129151291512916,0.16974169741697417,-1.050266188346684,44.0,88027.0
14,David Coulthard,247,535.0,13,62,82,9.48582995951417,-1.805668016194332,2.165991902834008,0.05263157894736842,0.25101214574898784,0.3319838056680162,-0.27284430780109314,35.80246913580247,83262.5
15,Jarno Trulli,256,246.5,1,11,94,12.359375,-1.95703125,0.962890625,0.00390625,0.04296875,0.3671875,0.0636590635566232,56.043956043956044,86474.0
16,Adrian Sutil,128,124.0,0,0,43,14.5234375,0.2734375,0.96875,0.0,0.0,0.3359375,0.0852744606614576,60.15625,90485.0
17,Mark Webber,217,1047.5,9,42,59,9.788018433179724,-1.5253456221198156,4.8271889400921655,0.041474654377880185,0.1935483870967742,0.271889400921659,-0.8717141096204565,56.71641791044776,86473.0
18,Jenson Button,309,1235.0,15,50,77,9.6957928802589,0.3106796116504854,3.9967637540453076,0.04854368932038835,0.16181229773462782,0.24919093851132687,0.3010462453337411,52.307692307692314,87547.5
19,Anthony Davidson,24,0.0,0,0,11,16.166666666666668,1.0,0.0,0.0,0.0,0.4583333333333333,-0.22579656862745096,,
20,Sebastian Vettel,199,2425.0,47,99,32,6.14070351758794,-0.9748743718592965,12.185929648241206,0.23618090452261306,0.49748743718592964,0.16080402010050251,1.411445638196799,56.63265306122449,91494.5
21,Giancarlo Fisichella,231,275.0,3,19,74,10.991341991341992,0.43478260869565216,1.1904761904761905,0.012987012987012988,0.08225108225108226,0.3203463203463203,-0.18899141235441547,47.682119205298015,84317.0
22,Rubens Barrichello,326,658.0,11,68,102,10.33435582822086,-1.3723076923076922,2.01840490797546,0.03374233128834356,0.2085889570552147,0.3128834355828221,-0.37332513666379963,45.2914798206278,85579.00000000001
23,Ralf Schumacher,180,329.0,6,27,62,9.866666666666667,-2.0388888888888888,1.8277777777777777,0.03333333333333333,0.15,0.34444444444444444,0.19690148387903805,43.269230769230774,82776.0
24,Vitantonio Liuzzi,81,26.0,0,0,29,15.91358024691358,0.9375,0.32098765432098764,0.0,0.0,0.35802469135802467,-0.258588055105083,44.303797468354425,88798.0
25,Alexander Wurz,69,45.0,0,3,23,11.420289855072463,0.7391304347826086,0.6521739130434783,0.0,0.043478260869565216,0.3333333333333333,0.01363063500253911,26.47058823529412,87326.00000000001
26,Scott Speed,28,0.0,0,0,12,15.071428571428571,1.6428571428571428,0.0,0.0,0.0,0.42857142857142855,-0.16234827264239024,,
27,Christijan Albers,46,4.0,0,0,19,15.673913043478262,2.608695652173913,0.08695652173913043,0.0,0.0,0.41304347826086957,0.0086839759827376,53.333333333333336,84443.0
28,Markus Winkelhock,1,0.0,0,0,1,17.0,5.0,0.0,0.0,0.0,1.0,-0.0147058823529411,,
29,Sakon Yamamoto,21,0.0,0,0,7,18.523809523809526,3.1904761904761907,0.0,0.0,0.0,0.3333333333333333,-0.0049019607843137,,
30,Michael Schumacher,308,1566.0,91,155,70,6.87987012987013,-2.012987012987013,5.084415584415584,0.29545454545454547,0.5032467532467533,0.22727272727272727,0.9035683457194679,64.8936170212766,84701.5
31,Juan Pablo Montoya,95,307.0,7,30,34,8.526315789473685,-3.1578947368421053,3.231578947368421,0.07368421052631578,0.3157894736842105,0.35789473684210527,0.07555517333639102,45.16129032258064,80699.5
32,Christian Klien,51,14.0,0,0,16,13.666666666666666,-0.5098039215686274,0.27450980392156865,0.0,0.0,0.3137254901960784,-0.09646686159844053,36.0,82369.5
33,Tiago Monteiro,37,7.0,0,1,8,14.432432432432432,3.2432432432432434,0.1891891891891892,0.0,0.02702702702702703,0.21621621621621623,0.0175438596491228,36.36363636363637,84666.0
34,Yuji Ide,4,0.0,0,0,3,17.25,3.5,0.0,0.0,0.0,0.75,0.0,,
35,Jacques Villeneuve,165,235.0,11,23,62,10.254545454545454,-1.1151515151515152,1.4242424242424243,0.06666666666666667,0.1393939393939394,0.37575757575757573,-0.20908628337033913,44.44444444444444,82866.0
36,Franck Montagny,7,0.0,0,0,4,18.714285714285715,1.5714285714285714,0.0,0.0,0.0,0.5714285714285714,0.0,,
37,Pedro de la Rosa,107,35.0,0,1,51,15.345794392523365,1.009433962264151,0.32710280373831774,0.0,0.009345794392523364,0.4766355140186916,-0.3400465308080547,62.96296296296296,89942.5
38,Robert Doornbos,11,0.0,0,0,3,14.818181818181818,2.5454545454545454,0.0,0.0,0.0,0.2727272727272727,-0.2323941166046429,,
39,Narain Karthikeyan,48,5.0,0,0,14,18.458333333333332,2.1956521739130435,0.10416666666666667,0.0,0.0,0.2916666666666667,-0.0175438596491228,27.27272727272727,92377.0
40,Patrick Friesacher,11,3.0,0,0,6,16.0,1.8181818181818181,0.2727272727272727,0.0,0.0,0.5454545454545454,0.1116427432216905,,
41,Ricardo Zonta,38,3.0,0,0,21,13.394736842105264,1.6216216216216217,0.07894736842105263,0.0,0.0,0.5526315789473685,-0.5053379772961816,,
42,Ant횄혣횂짬nio Pizzonia,20,8.0,0,0,11,12.9,0.05,0.4,0.0,0.0,0.55,-0.5443226120857699,,
43,Cristiano da Matta,28,13.0,0,0,8,12.107142857142858,-0.6785714285714286,0.4642857142857143,0.0,0.0,0.2857142857142857,0.11213235294117645,,
44,Olivier Panis,158,76.0,1,5,63,11.91139240506329,0.26582278481012656,0.4810126582278481,0.006329113924050633,0.03164556962025317,0.3987341772151899,0.15874817380332087,69.66292134831461,83460.00000000001
45,Giorgio Pantano,14,0.0,0,0,8,16.142857142857142,0.6428571428571429,0.0,0.0,0.0,0.5714285714285714,-0.2222222222222222,,
46,Gianmaria Bruni,18,0.0,0,0,9,16.666666666666668,1.6666666666666667,0.0,0.0,0.0,0.5,-0.0277777777777777,,
47,Zsolt Baumgartner,20,1.0,0,0,8,15.3,3.45,0.05,0.0,0.0,0.4,-0.12301587301587304,,
48,Marc Gen횄혣횂짤,36,5.0,0,0,14,13.555555555555555,5.916666666666667,0.1388888888888889,0.0,0.0,0.3888888888888889,-0.49236111111111114,,
49,Heinz-Harald Frentzen,159,174.0,3,18,70,11.081761006289309,-2.038216560509554,1.0943396226415094,0.018867924528301886,0.11320754716981132,0.44025157232704404,0.10196093904733611,68.75,84348.0
50,Jos Verstappen,107,17.0,0,2,59,14.242990654205608,2.0841121495327104,0.1588785046728972,0.0,0.018691588785046728,0.5514018691588785,-0.12192533263305325,55.55555555555556,85793.0
51,Justin Wilson,16,1.0,0,0,9,14.5625,2.625,0.0625,0.0,0.0,0.5625,-0.11041666666666665,,
52,Ralph Firman,14,1.0,0,0,6,14.214285714285714,2.7857142857142856,0.07142857142857142,0.0,0.0,0.42857142857142855,-0.2023809523809523,,
53,Nicolas Kiesa,5,0.0,0,0,0,12.8,6.6,0.0,0.0,0.0,0.0,0.0,,
54,Luciano Burti,15,0.0,0,0,6,13.533333333333333,3.6666666666666665,0.0,0.0,0.0,0.4,-0.11485671191553541,,
55,Jean Alesi,202,241.0,1,32,88,11.252475247524753,-2.222772277227723,1.193069306930693,0.0049504950495049506,0.15841584158415842,0.43564356435643564,0.1854091636654662,55.73770491803278,85541.0
56,Eddie Irvine,147,191.0,4,26,65,11.006802721088436,-1.6938775510204083,1.2993197278911566,0.027210884353741496,0.17687074829931973,0.4421768707482993,-0.26448419431875314,39.682539682539684,85929.0
57,Mika H횄혣_kkinen,165,420.0,20,51,67,9.884848484848485,-2.5153374233128836,2.5454545454545454,0.12121212121212122,0.3090909090909091,0.40606060606060607,0.2674638066182184,81.9672131147541,84812.0
58,Tarso Marques,26,0.0,0,0,16,16.076923076923077,5.5,0.0,0.0,0.0,0.6153846153846154,0.0,,
59,Enrique Bernoldi,29,0.0,0,0,20,15.793103448275861,2.607142857142857,0.0,0.0,0.0,0.6896551724137931,-0.0563725490196078,,
60,Gast횄혣_n Mazzacane,21,0.0,0,0,9,14.19047619047619,7.0476190476190474,0.0,0.0,0.0,0.42857142857142855,-0.0333333333333333,,
61,Tom횄혣횄혖횂혖횄혖 Enge,3,0.0,0,0,1,15.0,5.0,0.0,0.0,0.0,0.3333333333333333,-0.0666666666666666,,
62,Alex Yoong,16,0.0,0,0,10,15.875,5.8,0.0,0.0,0.0,0.625,-0.0196078431372549,,
63,Mika Salo,111,33.0,0,2,48,12.09009009009009,2.7454545454545456,0.2972972972972973,0.0,0.018018018018018018,0.43243243243243246,-0.13897512708787216,65.3061224489796,88224.0
64,Pedro Diniz,99,10.0,0,0,60,14.565656565656566,2.7142857142857144,0.10101010101010101,0.0,0.0,0.6060606060606061,-0.10600490196078431,30.434782608695656,88970.0
65,Johnny Herbert,165,98.0,3,7,83,12.903030303030302,0.49382716049382713,0.593939393939394,0.01818181818181818,0.04242424242424243,0.503030303030303,-0.3031555549570255,38.70967741935484,85755.5
66,Allan McNish,17,0.0,0,0,10,15.529411764705882,0.4117647058823529,0.0,0.0,0.0,0.5882352941176471,-0.0588235294117647,,
67,S횄혣횂짤bastien Buemi,55,29.0,0,0,17,14.327272727272728,0.2,0.5272727272727272,0.0,0.0,0.3090909090909091,-0.016435424072163012,65.45454545454545,91901.0
68,Toranosuke Takagi,32,0.0,0,0,20,15.3125,3.4375,0.0,0.0,0.0,0.625,-0.015625,,
69,Luca Badoer,58,0.0,0,0,33,15.224137931034482,5.428571428571429,0.0,0.0,0.0,0.5689655172413793,-0.2636764705882353,,
70,Alessandro Zanardi,44,1.0,0,0,28,16.15909090909091,0.7857142857142857,0.022727272727272728,0.0,0.0,0.6363636363636364,-0.2971004273504273,,
71,Damon Hill,122,360.0,22,42,48,9.918032786885245,-2.8189655172413794,2.9508196721311477,0.18032786885245902,0.3442622950819672,0.39344262295081966,0.2657398897058823,62.06896551724138,83714.5
72,St횄혣횂짤phane Sarrazin,1,0.0,0,0,1,16.0,2.0,0.0,0.0,0.0,1.0,-0.0208333333333333,,
73,Ricardo Rosset,30,0.0,0,0,18,15.266666666666667,5.0,0.0,0.0,0.0,0.6,-0.010416666666666666,,
74,Esteban Tuero,16,0.0,0,0,12,15.4375,4.75,0.0,0.0,0.0,0.75,0.0,,
75,Shinji Nakano,33,2.0,0,0,17,13.636363636363637,4.484848484848484,0.06060606060606061,0.0,0.0,0.5151515151515151,-0.2988795518207283,,
76,Jan Magnussen,25,1.0,0,0,17,15.4,1.08,0.04,0.0,0.0,0.68,-0.21561916433239967,,
77,Gerhard Berger,210,385.0,10,48,95,10.914285714285715,-4.542857142857143,1.8333333333333333,0.047619047619047616,0.22857142857142856,0.4523809523809524,-0.21377884487128185,46.666666666666664,83676.99999999999
78,Nicola Larini,75,7.0,0,1,51,21.04,2.673469387755102,0.09333333333333334,0.0,0.013333333333333334,0.68,0.007173494397759108,,
79,Ukyo Katayama,97,5.0,0,0,65,16.309278350515463,1.2105263157894737,0.05154639175257732,0.0,0.0,0.6701030927835051,-0.06321486928104575,40.42553191489361,84738.0
80,Vincenzo Sospiri,1,0.0,0,0,1,23.0,0.0,0.0,0.0,0.0,1.0,0.0,,
81,Gianni Morbidelli,70,8.5,0,1,38,15.528571428571428,0.835820895522388,0.12142857142857143,0.0,0.014285714285714285,0.5428571428571428,-0.13017101872800402,,
82,Norberto Fontana,4,0.0,0,0,1,12.0,5.5,0.0,0.0,0.0,0.25,-0.2705882352941176,,
83,Pedro Lamy,32,1.0,0,0,15,13.46875,5.34375,0.03125,0.0,0.0,0.46875,-0.04340277777777779,,
84,Martin Brundle,165,98.0,0,9,89,12.55151515151515,1.860759493670886,0.593939393939394,0.0,0.05454545454545454,0.5393939393939394,-0.07399462057550292,25.806451612903224,83858.0
85,Andrea Montermini,28,0.0,0,0,24,19.25,2.8518518518518516,0.0,0.0,0.0,0.8571428571428571,0.0,,
86,Giovanni Lavaggi,10,0.0,0,0,9,17.5,5.0,0.0,0.0,0.0,0.9,0.0,,
87,Mark Blundell,63,32.0,0,3,34,13.587301587301587,0.08196721311475409,0.5079365079365079,0.0,0.047619047619047616,0.5396825396825397,0.08828125,,
88,Aguri Suzuki,88,8.0,0,1,64,20.65909090909091,0.7230769230769231,0.09090909090909091,0.0,0.011363636363636364,0.7272727272727273,-0.14438716920334568,,
89,Taki Inoue,18,0.0,0,0,13,17.72222222222222,2.6666666666666665,0.0,0.0,0.0,0.7222222222222222,-0.0833333333333333,,
90,Roberto Moreno,74,15.0,0,1,58,22.04054054054054,2.9285714285714284,0.20270270270270271,0.0,0.013513513513513514,0.7837837837837838,-0.03360168997668996,,
91,Karl Wendlinger,42,14.0,0,0,25,15.095238095238095,-0.3902439024390244,0.3333333333333333,0.0,0.0,0.5952380952380952,0.08544504923181392,,
92,Bertrand Gachot,84,5.0,0,0,73,22.785714285714285,2.4468085106382977,0.05952380952380952,0.0,0.0,0.8690476190476191,-0.005439369658119652,,
93,Domenico Schiattarella,7,0.0,0,0,4,18.857142857142858,4.428571428571429,0.0,0.0,0.0,0.5714285714285714,0.0,,
94,Pierluigi Martini,123,18.0,0,0,71,15.601626016260163,1.1764705882352942,0.14634146341463414,0.0,0.0,0.5772357723577236,0.0008125901875901842,,
95,Nigel Mansell,192,482.0,31,59,101,11.244791666666666,-4.48404255319149,2.5104166666666665,0.16145833333333334,0.3072916666666667,0.5260416666666666,0.15413207163207163,,
96,Jean-Christophe Boullion,11,3.0,0,0,4,12.727272727272727,2.8181818181818183,0.2727272727272727,0.0,0.0,0.36363636363636365,-0.1122994652406417,,
97,Massimiliano Papis,7,0.0,0,0,5,17.285714285714285,0.42857142857142855,0.0,0.0,0.0,0.7142857142857143,-0.1666666666666666,,
98,Jean-Denis D횄혣횂짤l횄혣횂짤traz,3,0.0,0,0,2,16.666666666666668,7.666666666666667,0.0,0.0,0.0,0.6666666666666666,-0.0111111111111111,,
99,Gabriele Tarquini,78,1.0,0,0,66,23.858974358974358,4.184210526315789,0.01282051282051282,0.0,0.0,0.8461538461538461,-0.006699346405228762,,
100,횄혣횄짚rik Comas,63,7.0,0,0,33,14.761904761904763,4.254237288135593,0.1111111111111111,0.0,0.0,0.5238095238095238,0.04191468253968255,,
101,David Brabham,30,0.0,0,0,23,19.4,6.833333333333333,0.0,0.0,0.0,0.7666666666666667,-0.0208333333333333,,
102,Ayrton Senna,162,614.0,41,80,65,8.25925925925926,-4.987577639751553,3.7901234567901234,0.25308641975308643,0.49382716049382713,0.4012345679012346,0.4791690947940948,,
103,횄혣횄짚ric Bernard,47,10.0,0,1,26,15.446808510638299,2.888888888888889,0.2127659574468085,0.0,0.02127659574468085,0.5531914893617021,-0.004896723646723666,,
104,Christian Fittipaldi,43,12.0,0,0,20,13.046511627906977,6.35,0.27906976744186046,0.0,0.0,0.46511627906976744,0.116796398046398,,
105,Michele Alboreto,215,186.5,5,23,124,14.418604651162791,0.3711340206185567,0.8674418604651163,0.023255813953488372,0.10697674418604651,0.5767441860465117,0.06497354497354492,,
106,Olivier Beretta,10,0.0,0,0,6,16.7,5.5,0.0,0.0,0.0,0.6,-0.0222222222222222,,
107,Roland Ratzenberger,3,0.0,0,0,2,21.333333333333332,7.5,0.0,0.0,0.0,0.6666666666666666,0.0,,
108,Paul Belmondo,27,0.0,0,0,22,24.333333333333332,7.125,0.0,0.0,0.0,0.8148148148148148,-0.02678571428571425,,
109,Jyrki J횄혣_rvilehto,70,10.0,0,1,45,15.728571428571428,2.096774193548387,0.14285714285714285,0.0,0.014285714285714285,0.6428571428571429,-0.3301799886621315,,
110,Andrea de Cesaris,214,59.0,0,5,153,15.981308411214954,-1.2451923076923077,0.2757009345794392,0.0,0.02336448598130841,0.7149532710280374,0.014522881632256627,,
111,Jean-Marc Gounon,9,0.0,0,0,5,15.333333333333334,8.555555555555555,0.0,0.0,0.0,0.5555555555555556,-0.07589285714285715,,
112,Philippe Alliot,115,7.0,0,0,74,16.547826086956523,2.1376146788990824,0.06086956521739131,0.0,0.0,0.6434782608695652,-0.14270006613756614,,
113,Philippe Adams,2,0.0,0,0,1,18.5,7.0,0.0,0.0,0.0,0.5,0.0,,
114,Yannick Dalmas,50,0.0,0,0,36,23.52,7.041666666666667,0.0,0.0,0.0,0.72,-0.026678240740740735,,
115,Hideki Noda,3,0.0,0,0,3,24.666666666666668,-1.3333333333333333,0.0,0.0,0.0,1.0,-0.0222222222222222,,
116,Franck Lagorce,2,0.0,0,0,1,15.0,5.0,0.0,0.0,0.0,0.5,-0.2175480769230769,,
117,Alain Prost,202,798.5,51,106,65,7.5049504950495045,-3.2587064676616917,3.952970297029703,0.2524752475247525,0.5247524752475248,0.3217821782178218,0.8805030172818634,,
118,Derek Warwick,162,71.0,0,4,101,14.962962962962964,-1.9256756756756757,0.4382716049382716,0.0,0.024691358024691357,0.6234567901234568,0.14002525252525252,,
119,Riccardo Patrese,257,281.0,6,37,145,12.727626459143968,-3.4474708171206228,1.093385214007782,0.023346303501945526,0.14396887159533073,0.5642023346303502,-0.3544325493730256,,
120,Fabrizio Barbazza,20,2.0,0,0,17,24.75,7.375,0.1,0.0,0.0,0.85,0.04910714285714285,,
121,Michael Andretti,13,7.0,0,1,7,15.461538461538462,-5.6923076923076925,0.5384615384615384,0.0,0.07692307692307693,0.5384615384615384,-1.6063034188034186,,
122,Ivan Capelli,98,31.0,0,3,71,16.816326530612244,-1.2842105263157895,0.3163265306122449,0.0,0.030612244897959183,0.7244897959183674,0.13750661375661377,,
123,Thierry Boutsen,164,132.0,3,15,71,11.939024390243903,0.656441717791411,0.8048780487804879,0.018292682926829267,0.09146341463414634,0.4329268292682927,0.08655303030303031,,
124,Marco Apicella,1,0.0,0,0,1,26.0,-3.0,0.0,0.0,0.0,1.0,-0.1041666666666666,,
125,Emanuele Naspetti,6,0.0,0,0,3,16.0,7.333333333333333,0.0,0.0,0.0,0.5,-0.07886904761904755,,
126,Toshio Suzuki,2,0.0,0,0,0,13.0,10.5,0.0,0.0,0.0,0.0,-0.0684523809523809,,
127,Maur횄혣_cio Gugelmin,80,10.0,0,1,50,16.0625,0.6133333333333333,0.125,0.0,0.0125,0.625,-0.09226190476190475,,
128,Eric van de Poele,29,0.0,0,0,27,27.689655172413794,5.0,0.0,0.0,0.0,0.9310344827586207,0.0,,
129,Olivier Grouillard,62,1.0,0,0,48,21.20967741935484,2.5121951219512195,0.016129032258064516,0.0,0.0,0.7741935483870968,-0.05625,,
130,Andrea Chiesa,10,0.0,0,0,10,26.2,2.0,0.0,0.0,0.0,1.0,0.0,,
131,Stefano Modena,81,17.0,0,2,52,17.271604938271604,-0.3142857142857143,0.20987654320987653,0.0,0.024691358024691357,0.6419753086419753,0.024652777777777784,,
132,Giovanna Amati,3,0.0,0,0,3,30.0,,0.0,0.0,0.0,1.0,0.0,,
133,Alex Caffi,75,6.0,0,0,52,18.626666666666665,3.9649122807017543,0.08,0.0,0.0,0.6933333333333334,0.01587301587301587,,
134,Enrico Bertaggia,6,0.0,0,0,6,38.833333333333336,,0.0,0.0,0.0,1.0,0.0,,
135,Perry McCarthy,7,0.0,0,0,7,31.428571428571427,,0.0,0.0,0.0,1.0,0.0,,
136,Jan Lammers,41,0.0,0,0,30,19.902439024390244,5.434782608695652,0.0,0.0,0.0,0.7317073170731707,-0.032539682539682514,,
137,Nelson Piquet,207,485.5,23,60,91,10.02415458937198,-3.0686274509803924,2.345410628019324,0.1111111111111111,0.2898550724637681,0.4396135265700483,0.5386225090269209,,
138,Satoru Nakajima,80,16.0,0,0,47,15.825,0.10810810810810811,0.2,0.0,0.0,0.5875,-0.6125,,
139,Emanuele Pirro,40,3.0,0,0,23,17.5,-0.13513513513513514,0.075,0.0,0.0,0.575,-0.30162037037037037,,
140,Stefan Johansson,103,88.0,0,12,64,16.038834951456312,2.632911392405063,0.8543689320388349,0.0,0.11650485436893204,0.6213592233009708,-0.058771367521367565,,
141,Julian Bailey,20,1.0,0,0,16,23.85,9.285714285714286,0.05,0.0,0.0,0.8,0.0,,
142,Pedro Chaves,13,0.0,0,0,13,33.61538461538461,,0.0,0.0,0.0,1.0,0.0,,
143,Michael Bartels,4,0.0,0,0,4,28.75,,0.0,0.0,0.0,1.0,-0.09375,,
144,Naoki Hattori,2,0.0,0,0,2,32.0,,0.0,0.0,0.0,1.0,0.0,,
145,Alessandro Nannini,77,65.0,1,9,49,14.805194805194805,-2.2857142857142856,0.8441558441558441,0.012987012987012988,0.11688311688311688,0.6363636363636364,-0.07930555555555552,,
146,Bernd Schneider,32,0.0,0,0,30,28.5,3.111111111111111,0.0,0.0,0.0,0.9375,-0.01587301587301587,,
147,Paolo Barilla,15,0.0,0,0,11,21.0,4.0,0.0,0.0,0.0,0.7333333333333333,-0.0659722222222222,,
148,Gregor Foitek,22,0.0,0,0,21,27.636363636363637,6.428571428571429,0.0,0.0,0.0,0.9545454545454546,-0.021955128205128176,,
149,Claudio Langes,14,0.0,0,0,14,33.0,,0.0,0.0,0.0,1.0,0.0,,
150,Gary Brabham,2,0.0,0,0,2,34.5,,0.0,0.0,0.0,1.0,0.0,,
151,Martin Donnelly,15,0.0,0,0,9,16.6,-0.9285714285714286,0.0,0.0,0.0,0.6,-0.17152777777777775,,
152,Bruno Giacomelli,82,14.0,0,1,57,17.70731707317073,-2.318840579710145,0.17073170731707318,0.0,0.012195121951219513,0.6951219512195121,-0.09970894607843139,,
153,Jaime Alguersuari,46,31.0,0,0,11,13.891304347826088,1.2608695652173914,0.6739130434782609,0.0,0.0,0.2391304347826087,0.00626839429729011,36.95652173913043,92950.5
154,Romain Grosjean,124,344.0,0,10,35,12.653225806451612,-0.9516129032258065,2.774193548387097,0.0,0.08064516129032258,0.28225806451612906,0.30813009414292036,53.2258064516129,93403.0
155,Kamui Kobayashi,76,125.0,0,1,23,13.986842105263158,0.2631578947368421,1.644736842105263,0.0,0.013157894736842105,0.3026315789473684,0.2105467918161416,40.0,92783.0
156,Jonathan Palmer,88,14.0,0,0,46,15.034090909090908,6.142857142857143,0.1590909090909091,0.0,0.0,0.5227272727272727,-0.14295634920634923,,
157,Christian Danner,47,4.0,0,0,32,18.127659574468087,5.555555555555555,0.0851063829787234,0.0,0.0,0.6808510638297872,0.03775641025641024,,
158,Eddie Cheever,143,70.0,0,9,98,14.944055944055943,0.6136363636363636,0.48951048951048953,0.0,0.06293706293706294,0.6853146853146853,-0.0592013888888889,,
159,Luis P횄혣횂짤rez-Sala,32,1.0,0,0,21,17.21875,5.230769230769231,0.03125,0.0,0.0,0.65625,-0.049873737373737355,,
160,Piercarlo Ghinzani,111,2.0,0,0,93,21.62162162162162,3.9473684210526314,0.018018018018018018,0.0,0.0,0.8378378378378378,0.0032407407407407446,,
161,Volker Weidler,10,0.0,0,0,10,34.7,,0.0,0.0,0.0,1.0,-0.0461538461538461,,
162,Pierre-Henri Raphanel,17,0.0,0,0,17,32.705882352941174,-5.0,0.0,0.0,0.0,1.0,-0.015384615384615366,,
163,Ren횄혣횂짤 Arnoux,164,181.0,7,22,86,13.664634146341463,-1.657718120805369,1.103658536585366,0.042682926829268296,0.13414634146341464,0.524390243902439,0.021402644719952346,,
164,Joachim Winkelhock,7,0.0,0,0,7,36.57142857142857,,0.0,0.0,0.0,1.0,-0.0222222222222222,,
165,Oscar Larrauri,21,0.0,0,0,19,27.095238095238095,4.25,0.0,0.0,0.0,0.9047619047619048,0.0,,
166,Philippe Streiff,54,11.0,0,1,26,13.722222222222221,4.481481481481482,0.2037037037037037,0.0,0.018518518518518517,0.48148148148148145,-0.18890151515151518,,
167,Adri횄혣횄혖n Campos,21,0.0,0,0,19,20.857142857142858,1.2941176470588236,0.0,0.0,0.0,0.9047619047619048,-0.01515151515151515,,
168,Jean-Louis Schlesser,2,0.0,0,0,1,20.0,11.0,0.0,0.0,0.0,0.5,-0.16964285714285715,,
169,Pascal Fabre,12,0.0,0,0,4,15.083333333333334,11.0,0.0,0.0,0.0,0.3333333333333333,-0.25,,
170,Teo Fabi,70,23.0,0,2,54,16.357142857142858,-4.031746031746032,0.32857142857142857,0.0,0.02857142857142857,0.7714285714285715,-0.08664772727272728,,
171,Franco Forini,2,0.0,0,0,2,19.5,6.5,0.0,0.0,0.0,1.0,0.0,,
172,Jacques Laffite,180,228.0,6,33,94,12.161111111111111,-0.4632768361581921,1.2666666666666666,0.03333333333333333,0.18333333333333332,0.5222222222222223,0.2835694466209172,,
173,Elio de Angelis,110,122.0,2,9,55,11.981818181818182,-0.6388888888888888,1.1090909090909091,0.01818181818181818,0.08181818181818182,0.5,0.26278617216117217,,
174,Johnny Dumfries,16,3.0,0,0,10,14.375,-0.4666666666666667,0.1875,0.0,0.0,0.625,-1.625,,
175,Patrick Tambay,122,103.0,2,11,71,13.295081967213115,-1.8034188034188035,0.8442622950819673,0.01639344262295082,0.09016393442622951,0.5819672131147541,0.02819953739071385,,
176,Marc Surer,88,17.0,0,0,41,13.136363636363637,5.097560975609756,0.19318181818181818,0.0,0.0,0.4659090909090909,0.037793944738389186,,
177,Keke Rosberg,128,159.5,5,17,73,13.359375,-1.6228070175438596,1.24609375,0.0390625,0.1328125,0.5703125,0.08320256132756132,,
178,Alan Jones,117,206.0,12,24,51,11.401709401709402,0.08547008547008547,1.7606837606837606,0.10256410256410256,0.20512820512820512,0.4358974358974359,0.5100872672301243,,
179,Huub Rothengatter,28,0.0,0,0,22,16.928571428571427,7.884615384615385,0.0,0.0,0.0,0.7857142857142857,0.0,,
180,Allen Berg,9,0.0,0,0,6,18.88888888888889,7.111111111111111,0.0,0.0,0.0,0.6666666666666666,0.0,,
181,Manfred Winkelhock,55,2.0,0,0,42,17.87272727272727,-1.8125,0.03636363636363636,0.0,0.0,0.7636363636363637,-0.14326558857808858,,
182,Niki Lauda,174,420.5,25,54,87,10.913793103448276,-2.308139534883721,2.4166666666666665,0.14367816091954022,0.3103448275862069,0.5,0.36864188711615176,,
183,Fran횄혣횂짚ois Hesnault,20,0.0,0,0,15,18.65,0.5263157894736842,0.0,0.0,0.0,0.75,-0.3418981481481482,,
184,Mauro Baldi,41,5.0,0,0,25,16.414634146341463,4.333333333333333,0.12195121951219512,0.0,0.0,0.6097560975609756,-0.09861111111111111,,
185,Stefan Bellof,22,4.0,0,0,16,14.318181818181818,8.5,0.18181818181818182,0.0,0.0,0.7272727272727273,0.01,,
186,Kenny Acheson,9,0.0,0,0,8,24.77777777777778,6.0,0.0,0.0,0.0,0.8888888888888888,0.0,,
187,John Watson,154,169.0,5,20,66,11.64935064935065,0.40789473684210525,1.0974025974025974,0.032467532467532464,0.12987012987012986,0.42857142857142855,0.007324988603500012,,
188,Johnny Cecotto,23,1.0,0,0,16,18.391304347826086,4.0,0.043478260869565216,0.0,0.0,0.6956521739130435,-0.21410256410256415,,
189,Jo Gartner,8,0.0,0,0,6,16.125,7.75,0.0,0.0,0.0,0.75,-0.0625,,
190,Corrado Fabi,19,0.0,0,0,17,19.842105263157894,4.923076923076923,0.0,0.0,0.0,0.8947368421052632,-0.3288352272727273,,
191,Mike Thackwell,5,0.0,0,0,5,25.4,1.0,0.0,0.0,0.0,1.0,-0.12190934065934064,,
192,Chico Serra,32,1.0,0,0,21,19.59375,8.105263157894736,0.03125,0.0,0.0,0.65625,-0.0222222222222222,,
193,Danny Sullivan,15,2.0,0,0,8,14.866666666666667,5.866666666666666,0.13333333333333333,0.0,0.0,0.5333333333333333,-0.2666666666666666,,
194,Eliseo Salazar,37,3.0,0,0,29,20.35135135135135,6.083333333333333,0.08108108108108109,0.0,0.0,0.7837837837837838,-0.029629629629629624,,
195,Roberto Guerrero,29,0.0,0,0,24,20.482758620689655,0.5,0.0,0.0,0.0,0.8275862068965517,-0.0192307692307692,,
196,Raul Boesel,30,0.0,0,0,20,18.333333333333332,7.391304347826087,0.0,0.0,0.0,0.6666666666666666,0.0,,
197,Jean-Pierre Jarier,143,31.5,0,3,83,14.86013986013986,0.2318840579710145,0.2202797202797203,0.0,0.02097902097902098,0.5804195804195804,-0.19287792948661706,,
198,Jacques Villeneuve Sr.,3,0.0,0,0,3,27.666666666666668,,0.0,0.0,0.0,1.0,-0.1111111111111111,,
199,Carlos Reutemann,146,310.0,12,45,51,10.0,-2.8013698630136985,2.1232876712328768,0.0821917808219178,0.3082191780821918,0.3493150684931507,0.5046598292094616,,
200,Jochen Mass,114,71.0,1,8,50,13.421052631578947,2.6132075471698113,0.6228070175438597,0.008771929824561403,0.07017543859649122,0.43859649122807015,-0.18711679986679985,,
201,Slim Borgudd,15,1.0,0,0,9,17.6,9.7,0.06666666666666667,0.0,0.0,0.6,-0.23958333333333337,,
202,Didier Pironi,72,101.0,3,13,29,11.25,-0.9859154929577465,1.4027777777777777,0.041666666666666664,0.18055555555555555,0.4027777777777778,-0.03229853479853471,,
203,Gilles Villeneuve,68,107.0,6,13,32,10.897058823529411,-2.8507462686567164,1.5735294117647058,0.08823529411764706,0.19117647058823528,0.47058823529411764,-0.6829181672669068,,
204,Riccardo Paletti,8,0.0,0,0,8,25.875,-0.6666666666666666,0.0,0.0,0.0,1.0,-0.09375,,
205,Brian Henton,37,0.0,0,0,28,20.054054054054053,6.35,0.0,0.0,0.0,0.7567567567567568,-0.12624244142101282,,
206,Derek Daly,64,15.0,0,0,40,16.203125,4.0,0.234375,0.0,0.0,0.625,-0.15225503663003662,,
207,Mario Andretti,129,180.0,12,19,74,12.511627906976743,-3.890625,1.3953488372093024,0.09302325581395349,0.14728682170542637,0.5736434108527132,-0.0813879245244135,,
208,Emilio de Villota,14,0.0,0,0,13,26.571428571428573,9.5,0.0,0.0,0.0,0.9285714285714286,-0.196218487394958,,
209,Geoff Lees,12,0.0,0,0,10,21.583333333333332,7.4,0.0,0.0,0.0,0.8333333333333334,-0.35242019884877024,,
210,Tommy Byrne,5,0.0,0,0,5,22.6,12.0,0.0,0.0,0.0,1.0,0.0,,
211,Rupert Keegan,37,0.0,0,0,25,19.135135135135137,5.0,0.0,0.0,0.0,0.6756756756756757,-0.3607142857142857,,
212,Hector Rebaque,58,13.0,0,0,43,18.310344827586206,2.8292682926829267,0.22413793103448276,0.0,0.0,0.7413793103448276,-0.8701636904761904,,
213,Beppe Gabbiani,17,0.0,0,0,17,25.58823529411765,4.666666666666667,0.0,0.0,0.0,1.0,-0.0071428571428571,,
214,Kevin Cogan,2,0.0,0,0,2,26.5,,0.0,0.0,0.0,1.0,-0.7976190476190476,,
215,Miguel 횄혣횂혖ngel Guerra,4,0.0,0,0,4,25.75,-2.0,0.0,0.0,0.0,1.0,0.0,,
216,Siegfried Stohr,13,0.0,0,0,10,19.846153846153847,3.0,0.0,0.0,0.0,0.7692307692307693,-0.2222222222222222,,
217,Ricardo Zunino,11,0.0,0,0,5,15.272727272727273,4.4,0.0,0.0,0.0,0.45454545454545453,-0.49999999999999994,,
218,Ricardo Londo횄혣횂짹o,1,0.0,0,0,1,30.0,,0.0,0.0,0.0,1.0,-0.2592592592592592,,
219,Jean-Pierre Jabouille,55,21.0,2,2,45,17.272727272727273,-6.653061224489796,0.38181818181818183,0.03636363636363636,0.03636363636363636,0.8181818181818182,-0.2809867216117216,,
220,Giorgio Francia,2,0.0,0,0,2,32.0,,0.0,0.0,0.0,1.0,-0.42331932773109243,,
221,Patrick Depailler,95,141.0,2,19,43,11.105263157894736,-1.7894736842105263,1.4842105263157894,0.021052631578947368,0.2,0.45263157894736844,0.2940463590739326,,
222,Jody Scheckter,113,255.0,10,33,39,9.29203539823009,-1.1875,2.256637168141593,0.08849557522123894,0.2920353982300885,0.34513274336283184,0.22222222222222227,,
223,Clay Regazzoni,138,212.0,5,28,57,11.159420289855072,-1.8473282442748091,1.536231884057971,0.036231884057971016,0.2028985507246377,0.41304347826086957,0.0003870876598149785,,
224,Emerson Fittipaldi,149,281.0,14,35,57,11.100671140939598,1.2137931034482758,1.8859060402684564,0.09395973154362416,0.2348993288590604,0.3825503355704698,0.9922118005451339,,
225,Dave Kennedy,7,0.0,0,0,7,26.142857142857142,,0.0,0.0,0.0,1.0,0.0,,
226,Stephen South,1,0.0,0,0,1,27.0,,0.0,0.0,0.0,1.0,-0.271062271062271,,
227,Tiff Needell,2,0.0,0,0,2,23.0,3.0,0.0,0.0,0.0,1.0,0.0,,
228,Desir횄혣횂짤 Wilson,1,0.0,0,0,1,27.0,,0.0,0.0,0.0,1.0,-1.4285714285714286,,
229,Harald Ertl,29,0.0,0,0,20,18.93103448275862,6.947368421052632,0.0,0.0,0.0,0.6896551724137931,-0.08154761904761904,,
230,Vittorio Brambilla,78,15.5,1,1,46,15.23076923076923,-1.3243243243243243,0.1987179487179487,0.01282051282051282,0.01282051282051282,0.5897435897435898,0.04071522548413305,,
231,James Hunt,93,179.0,10,23,49,11.53763440860215,-4.391304347826087,1.924731182795699,0.10752688172043011,0.24731182795698925,0.5268817204301075,0.9399739863894275,,
232,Arturo Merzario,84,11.0,0,0,68,20.095238095238095,0.07017543859649122,0.13095238095238096,0.0,0.0,0.8095238095238095,-0.08212172747887034,,
233,Hans-Joachim Stuck,81,29.0,0,2,56,16.160493827160494,-0.7432432432432432,0.35802469135802467,0.0,0.024691358024691357,0.691358024691358,0.036328470782252285,,
234,Gianfranco Brancatelli,3,0.0,0,0,3,26.666666666666668,,0.0,0.0,0.0,1.0,0.0,,
235,Jacky Ickx,121,181.0,8,25,56,11.388429752066116,-0.8,1.4958677685950412,0.06611570247933884,0.2066115702479339,0.4628099173553719,0.3248350004337399,,
236,Patrick Gaillard,5,0.0,0,0,4,20.2,11.0,0.0,0.0,0.0,0.8,0.0,,
237,Alex Ribeiro,20,0.0,0,0,14,19.7,8.8,0.0,0.0,0.0,0.7,-0.0111111111111111,,
238,Ronnie Peterson,123,206.0,10,26,57,11.34959349593496,-2.9186991869918697,1.6747967479674797,0.08130081300813008,0.21138211382113822,0.4634146341463415,0.6907954731479369,,
239,Brett Lunger,42,0.0,0,0,21,16.285714285714285,7.205882352941177,0.0,0.0,0.0,0.5,-0.2262488328664799,,
240,Danny Ongais,6,0.0,0,0,5,22.166666666666668,5.0,0.0,0.0,0.0,0.8333333333333334,-0.055194805194805165,,
241,Lamberto Leoni,5,0.0,0,0,5,25.4,-3.0,0.0,0.0,0.0,1.0,-0.0341386554621848,,
242,Divina Galica,3,0.0,0,0,3,27.666666666666668,,0.0,0.0,0.0,1.0,-0.04166666666666665,,
243,Rolf Stommelen,61,14.0,0,1,27,14.704918032786885,4.277777777777778,0.22950819672131148,0.0,0.01639344262295082,0.4426229508196721,-0.05774547905797904,,
244,Alberto Colombo,3,0.0,0,0,3,29.333333333333332,,0.0,0.0,0.0,1.0,0.0,,
245,Tony Trimmer,6,0.0,0,0,6,28.833333333333332,,0.0,0.0,0.0,1.0,-0.0495098039215686,,
246,Hans Binder,15,0.0,0,0,9,15.666666666666666,7.153846153846154,0.0,0.0,0.0,0.6,-0.0271294881588999,,
247,Michael Bleekemolen,5,0.0,0,0,5,27.2,7.0,0.0,0.0,0.0,1.0,0.0,,
248,Carlo Franchi,1,0.0,0,0,1,28.0,,0.0,0.0,0.0,1.0,-0.0142857142857142,,
249,Bobby Rahal,2,0.0,0,0,1,15.0,5.0,0.0,0.0,0.0,0.5,-0.5,,
250,Carlos Pace,73,58.0,1,6,38,13.219178082191782,-2.25,0.7945205479452054,0.0136986301369863,0.0821917808219178,0.5205479452054794,0.35792157014320874,,
251,Ian Scheckter,20,0.0,0,0,16,18.35,2.2222222222222223,0.0,0.0,0.0,0.8,-0.4378998778998779,,
252,Tom Pryce,42,19.0,0,2,21,11.952380952380953,-0.3333333333333333,0.4523809523809524,0.0,0.047619047619047616,0.5,0.07704648526077096,,
253,Ingo Hoffmann,6,0.0,0,0,4,19.333333333333332,7.666666666666667,0.0,0.0,0.0,0.6666666666666666,-0.21875,,
254,Renzo Zorzi,7,1.0,0,0,4,15.428571428571429,4.857142857142857,0.14285714285714285,0.0,0.0,0.5714285714285714,-0.0396447467876039,,
255,Gunnar Nilsson,32,31.0,1,4,19,14.09375,-2.3125,0.96875,0.03125,0.125,0.59375,-0.3239819004524888,,
256,Larry Perkins,15,0.0,0,0,10,20.2,1.6363636363636365,0.0,0.0,0.0,0.6666666666666666,-0.06945903361344537,,
257,Boy Lunger,7,0.0,0,0,7,22.428571428571427,7.0,0.0,0.0,0.0,1.0,-0.3125,,
258,Patrick N횄혣횂짭ve,13,0.0,0,0,5,16.153846153846153,9.4,0.0,0.0,0.0,0.38461538461538464,-0.020833333333333332,,
259,David Purley,11,0.0,0,0,7,20.636363636363637,3.25,0.0,0.0,0.0,0.6363636363636364,-0.08333333333333333,,
260,Conny Andersson,5,0.0,0,0,5,29.0,-7.0,0.0,0.0,0.0,1.0,-0.04166666666666665,,
261,Bernard de Dryver,1,0.0,0,0,1,30.0,,0.0,0.0,0.0,1.0,0.0,,
262,Jackie Oliver,51,13.0,0,2,36,13.92156862745098,0.18,0.2549019607843137,0.0,0.0392156862745098,0.7058823529411765,-0.42566461610112405,,
263,Mikko Kozarowitzky,2,0.0,0,0,2,33.5,,0.0,0.0,0.0,1.0,0.0,,
264,Andy Sutcliffe,1,0.0,0,0,1,32.0,,0.0,0.0,0.0,1.0,0.0,,
265,Guy Edwards,16,0.0,0,0,8,19.8125,4.7272727272727275,0.0,0.0,0.0,0.5,-0.005555555555555533,,
266,Brian McGuire,1,0.0,0,0,1,35.0,,0.0,0.0,0.0,1.0,0.0,,
267,Vern Schuppan,12,0.0,0,0,8,17.916666666666668,7.111111111111111,0.0,0.0,0.0,0.6666666666666666,-0.0507573399730262,,
268,Hans Heyer,1,0.0,0,0,1,24.0,1.0,0.0,0.0,0.0,1.0,-0.0227272727272727,,
269,Teddy Pilette,4,0.0,0,0,3,27.5,10.0,0.0,0.0,0.0,0.75,-0.15317460317460316,,
270,Ian Ashley,11,0.0,0,0,9,24.0,3.2,0.0,0.0,0.0,0.8181818181818182,-0.07126984126984126,,
271,Loris Kessel,6,0.0,0,0,5,23.0,8.333333333333334,0.0,0.0,0.0,0.8333333333333334,0.0,,
272,Kunimitsu Takahashi,1,0.0,0,0,0,9.0,13.0,0.0,0.0,0.0,0.0,-0.5294117647058824,,
273,Kazuyoshi Hoshino,2,0.0,0,0,1,15.0,1.0,0.0,0.0,0.0,0.5,-0.4583333333333333,,
274,Noritake Takahara,2,0.0,0,0,1,15.5,6.0,0.0,0.0,0.0,0.5,-0.04166666666666665,,
275,Lella Lombardi,17,0.5,0,0,10,19.352941176470587,6.461538461538462,0.029411764705882353,0.0,0.0,0.5882352941176471,-0.17016594516594513,,
276,Bob Evans,12,0.0,0,0,7,18.25,5.1,0.0,0.0,0.0,0.5833333333333334,-0.19572649572649573,,
277,Michel Lecl횄혣횂짭re,8,0.0,0,0,3,14.875,8.142857142857142,0.0,0.0,0.0,0.375,-0.22857142857142854,,
278,Chris Amon,106,83.0,0,11,57,12.132075471698114,-2.303030303030303,0.7830188679245284,0.0,0.10377358490566038,0.5377358490566038,-0.06064945471195471,,
279,Emilio Zapico,1,0.0,0,0,1,27.0,,0.0,0.0,0.0,1.0,0.0,,
280,Henri Pescarolo,59,12.0,0,1,29,14.169491525423728,3.5714285714285716,0.2033898305084746,0.0,0.01694915254237288,0.4915254237288136,-0.1529410404410404,,
281,Jac Nelleman,1,0.0,0,0,1,27.0,,0.0,0.0,0.0,1.0,0.0,,
282,Damien Magee,2,0.0,0,0,1,21.0,8.0,0.0,0.0,0.0,0.5,-0.025,,
283,Mike Wilds,8,0.0,0,0,8,25.125,4.333333333333333,0.0,0.0,0.0,1.0,-0.07043650793650792,,
284,Alessandro Pesenti-Rossi,4,0.0,0,0,1,17.5,9.0,0.0,0.0,0.0,0.25,-0.9166666666666666,,
285,Otto Stuppacher,3,0.0,0,0,3,27.666666666666668,,0.0,0.0,0.0,1.0,-0.9166666666666666,,
286,Warwick Brown,1,0.0,0,0,0,14.0,9.0,0.0,0.0,0.0,0.0,0.0,,
287,Masahiro Hasemi,1,0.0,0,0,0,11.0,-1.0,0.0,0.0,0.0,0.0,0.0,,
288,Mark Donohue,15,8.0,0,1,8,13.533333333333333,3.466666666666667,0.5333333333333333,0.0,0.06666666666666667,0.5333333333333333,0.9167523448773448,,
289,Graham Hill,179,289.0,14,36,83,10.162011173184357,0.3693181818181818,1.6145251396648044,0.0782122905027933,0.2011173184357542,0.46368715083798884,0.9046237535612536,,
290,Wilson Fittipaldi,38,3.0,0,0,24,16.026315789473685,2.5714285714285716,0.07894736842105263,0.0,0.0,0.631578947368421,-0.12814814814814815,,
291,Guy Tunmer,1,0.0,0,0,0,11.0,14.0,0.0,0.0,0.0,0.0,-0.1088435374149659,,
292,Eddie Keizan,3,0.0,0,0,1,13.333333333333334,9.333333333333334,0.0,0.0,0.0,0.3333333333333333,-1.1288737717309145,,
293,Dave Charlton,13,0.0,0,0,11,20.307692307692307,-2.4545454545454546,0.0,0.0,0.0,0.8461538461538461,-0.8375258537758536,,
294,Tony Brise,10,1.0,0,0,5,13.1,-0.1,0.1,0.0,0.0,0.5,-0.0203703703703704,,
295,Roelof Wunderink,6,0.0,0,0,6,20.5,7.333333333333333,0.0,0.0,0.0,1.0,-0.1111111111111111,,
296,Fran횄혣횂짚ois Migault,15,0.0,0,0,11,18.066666666666666,5.357142857142857,0.0,0.0,0.0,0.7333333333333333,-0.06370370370370368,,
297,Torsten Palm,2,0.0,0,0,2,17.0,11.0,0.0,0.0,0.0,1.0,-0.4714285714285714,,
298,Gijs van Lennep,9,2.0,0,0,2,12.88888888888889,12.0,0.2222222222222222,0.0,0.0,0.2222222222222222,0.04030934343434342,,
299,Hiroshi Fushida,2,0.0,0,0,2,26.5,,0.0,0.0,0.0,1.0,0.0,,
300,John Nicholson,2,0.0,0,0,2,24.0,9.0,0.0,0.0,0.0,1.0,0.0,,
301,Dave Morgan,1,0.0,0,0,1,18.0,5.0,0.0,0.0,0.0,1.0,0.0,,
302,Jim Crawford,2,0.0,0,0,1,17.0,8.0,0.0,0.0,0.0,0.5,-0.1088435374149659,,
303,Jo Vonlanthen,1,0.0,0,0,1,22.0,6.0,0.0,0.0,0.0,1.0,-0.05,,
304,Denny Hulme,112,248.0,8,33,34,8.205357142857142,-0.9553571428571429,2.2142857142857144,0.07142857142857142,0.29464285714285715,0.30357142857142855,0.4962789194932053,,
305,Mike Hailwood,51,29.0,0,2,29,13.313725490196079,-0.78,0.5686274509803921,0.0,0.0392156862745098,0.5686274509803921,0.215499037999038,,
306,Jean-Pierre Beltoise,87,77.0,1,8,41,11.666666666666666,0.23529411764705882,0.8850574712643678,0.011494252873563218,0.09195402298850575,0.47126436781609193,-0.023887476160203383,,
307,Howden Ganley,39,10.0,0,0,19,13.692307692307692,3.6666666666666665,0.2564102564102564,0.0,0.0,0.48717948717948717,-0.02469516594516596,,
308,Richard Robarts,4,0.0,0,0,2,18.75,7.0,0.0,0.0,0.0,0.5,-0.17698412698412697,,
309,Peter Revson,31,61.0,2,8,12,10.129032258064516,-1.7,1.967741935483871,0.06451612903225806,0.25806451612903225,0.3870967741935484,-0.4221395502645502,,
310,Paddy Driver,2,0.0,0,0,2,23.0,1.0,0.0,0.0,0.0,1.0,-0.3335353535353536,,
311,Tom Bels횄혣횄쩌,4,0.0,0,0,3,22.5,6.5,0.0,0.0,0.0,0.75,-0.0476190476190476,,
312,Brian Redman,13,8.0,0,1,7,14.076923076923077,2.9166666666666665,0.6153846153846154,0.0,0.07692307692307693,0.5384615384615384,-0.011315420690420694,,
313,Rikky von Opel,13,0.0,0,0,9,19.46153846153846,3.3636363636363638,0.0,0.0,0.0,0.6923076923076923,-0.15317460317460316,,
314,Tim Schenken,36,7.0,0,1,23,16.36111111111111,0.7352941176470589,0.19444444444444445,0.0,0.027777777777777776,0.6388888888888888,-0.07217833092833091,,
315,G횄혣횂짤rard Larrousse,2,0.0,0,0,2,27.5,-14.0,0.0,0.0,0.0,1.0,-0.3063492063492063,,
316,Leo Kinnunen,6,0.0,0,0,6,29.166666666666668,3.0,0.0,0.0,0.0,1.0,-0.0535714285714285,,
317,Reine Wisell,23,13.0,0,1,15,14.173913043478262,-0.8695652173913043,0.5652173913043478,0.0,0.043478260869565216,0.6521739130434783,-0.06666237201951486,,
318,Bertil Roos,1,0.0,0,0,1,25.0,-2.0,0.0,0.0,0.0,1.0,-0.1107142857142857,,
319,Jos횄혣횂짤 Dolhem,3,0.0,0,0,3,25.0,5.0,0.0,0.0,0.0,1.0,-0.0535714285714285,,
320,Peter Gethin,30,11.0,1,1,19,15.466666666666667,0.7666666666666667,0.36666666666666664,0.03333333333333333,0.03333333333333333,0.6333333333333333,-0.05846711159211155,,
321,Derek Bell,14,1.0,0,0,12,21.5,0.4444444444444444,0.07142857142857142,0.0,0.0,0.8571428571428571,-0.3240081347224204,,
322,David Hobbs,7,0.0,0,0,1,9.0,8.714285714285714,0.0,0.0,0.0,0.14285714285714285,-0.5954545454545455,,
323,Dieter Quester,1,0.0,0,0,0,9.0,16.0,0.0,0.0,0.0,0.0,-0.0535714285714285,,
324,Helmuth Koinigg,3,0.0,0,0,2,21.333333333333332,6.0,0.0,0.0,0.0,0.6666666666666666,-0.1799603174603174,,
325,Carlo Facetti,1,0.0,0,0,1,27.0,,0.0,0.0,0.0,1.0,-0.3063492063492063,,
326,Eppie Wietzes,2,0.0,0,0,2,19.0,2.0,0.0,0.0,0.0,1.0,-0.6161375661375662,,
327,Fran횄혣횂짚ois Cevert,47,89.0,1,13,18,9.936170212765957,-0.6086956521739131,1.8936170212765957,0.02127659574468085,0.2765957446808511,0.3829787234042553,-0.071607905982906,,
328,Jackie Stewart,100,360.0,27,43,39,7.41,-2.91,3.6,0.27,0.43,0.39,1.7689022921522923,,
329,Mike Beuttler,29,0.0,0,0,19,15.758620689655173,5.535714285714286,0.0,0.0,0.0,0.6551724137931034,-0.25606060606060604,,
330,Nanni Galli,17,0.0,0,0,10,17.705882352941178,2.6875,0.0,0.0,0.0,0.5882352941176471,-0.23282647907647905,,
331,Luiz Bueno,1,0.0,0,0,0,12.0,8.0,0.0,0.0,0.0,0.0,-0.0933333333333333,,
332,George Follmer,12,5.0,0,1,5,14.75,4.166666666666667,0.4166666666666667,0.0,0.08333333333333333,0.4166666666666667,0.235576923076923,,
333,Andrea de Adamich,35,6.0,0,0,23,16.314285714285713,1.8,0.17142857142857143,0.0,0.0,0.6571428571428571,-0.13417508417508417,,
334,Jackie Pretorius,4,0.0,0,0,4,19.25,5.666666666666667,0.0,0.0,0.0,1.0,-0.046739718614718574,,
335,Roger Williamson,2,0.0,0,0,2,22.5,-2.5,0.0,0.0,0.0,1.0,-0.25,,
336,Graham McRae,1,0.0,0,0,1,28.0,0.0,0.0,0.0,0.0,1.0,-0.050595238095238,,
337,Helmut Marko,9,0.0,0,0,2,13.666666666666666,3.2222222222222223,0.0,0.0,0.0,0.2222222222222222,-0.46272095959595966,,
338,David Walker,11,0.0,0,0,7,17.545454545454547,2.4545454545454546,0.0,0.0,0.0,0.6363636363636364,-0.6354166666666666,,
339,Alex Soler-Roig,9,0.0,0,0,9,21.22222222222222,0.0,0.0,0.0,0.0,1.0,-0.504769921436588,,
340,John Love,10,6.0,0,1,5,13.1,4.0,0.6,0.0,0.1,0.5,-0.17916883116883117,,
341,John Surtees,112,180.0,6,24,62,10.339285714285714,-2.6785714285714284,1.6071428571428572,0.05357142857142857,0.21428571428571427,0.5535714285714286,0.6518621084797556,,
342,Skip Barber,6,0.0,0,0,5,18.5,5.2,0.0,0.0,0.0,0.8333333333333334,-0.25909090909090904,,
343,Bill Brack,3,0.0,0,0,3,16.0,4.333333333333333,0.0,0.0,0.0,1.0,-0.7989706589706591,,
344,Sam Posey,2,0.0,0,0,1,18.5,1.0,0.0,0.0,0.0,0.5,-0.2911075036075036,,
345,Pedro Rodr횄혣_guez,54,71.0,2,7,26,9.055555555555555,1.4259259259259258,1.3148148148148149,0.037037037037037035,0.12962962962962962,0.48148148148148145,0.18239380989380988,,
346,Jo Siffert,100,68.0,2,6,56,10.79,0.75,0.68,0.02,0.06,0.56,-0.051185508935508994,,
347,Jo Bonnier,109,39.0,1,1,61,11.954128440366972,0.5238095238095238,0.3577981651376147,0.009174311926605505,0.009174311926605505,0.5596330275229358,-0.17199792013768345,,
348,Fran횄혣횂짚ois Mazet,1,0.0,0,0,0,13.0,10.0,0.0,0.0,0.0,0.0,-0.3363636363636363,,
349,Max Jean,1,0.0,0,0,1,14.0,8.0,0.0,0.0,0.0,1.0,-0.3363636363636363,,
350,Vic Elford,13,8.0,0,0,5,10.384615384615385,3.076923076923077,0.6153846153846154,0.0,0.0,0.38461538461538464,-0.26035579004329,,
351,Silvio Moser,18,3.0,0,0,15,16.11111111111111,3.5833333333333335,0.16666666666666666,0.0,0.0,0.8333333333333334,-0.2523484848484849,,
352,George Eaton,13,0.0,0,0,9,15.384615384615385,2.6363636363636362,0.0,0.0,0.0,0.6923076923076923,-0.46732290857290854,,
353,Pete Lovely,11,0.0,0,0,8,16.727272727272727,7.857142857142857,0.0,0.0,0.0,0.7272727272727273,-0.707075517075517,,
354,Chris Craft,2,0.0,0,0,2,25.0,3.0,0.0,0.0,0.0,1.0,-0.1363636363636363,,
355,John Cannon,1,0.0,0,0,0,14.0,10.0,0.0,0.0,0.0,0.0,-0.7789772727272728,,
356,Jack Brabham,129,261.0,14,31,62,9.186046511627907,-1.703125,2.0232558139534884,0.10852713178294573,0.24031007751937986,0.4806201550387597,0.6980210521039616,,
357,John Miles,15,2.0,0,0,11,14.333333333333334,-1.0,0.13333333333333333,0.0,0.0,0.7333333333333333,-0.885942760942761,,
358,Jochen Rindt,62,109.0,6,13,40,10.0,-3.216666666666667,1.7580645161290323,0.0967741935483871,0.20967741935483872,0.6451612903225806,1.0117629526558096,,
359,Johnny Servoz-Gavin,12,9.0,0,1,8,10.916666666666666,3.1818181818181817,0.75,0.0,0.08333333333333333,0.6666666666666666,-0.8111679986679985,,
360,Bruce McLaren,103,196.5,4,27,42,8.737864077669903,-0.3137254901960784,1.9077669902912622,0.038834951456310676,0.2621359223300971,0.4077669902912621,0.8689644063366974,,
361,Piers Courage,29,20.0,0,2,20,10.758620689655173,1.3214285714285714,0.6896551724137931,0.0,0.06896551724137931,0.6896551724137931,-0.2246428571428571,,
362,Peter de Klerk,4,0.0,0,0,2,11.25,6.25,0.0,0.0,0.0,0.5,-0.13782051282051283,,
363,Ignazio Giunti,4,3.0,0,0,1,10.25,-0.5,0.75,0.0,0.0,0.25,-1.9006410256410255,,
364,Dan Gurney,87,133.0,4,19,47,9.758620689655173,-2.813953488372093,1.528735632183908,0.04597701149425287,0.21839080459770116,0.5402298850574713,0.5307308702100368,,
365,Hubert Hahne,3,0.0,0,0,2,17.333333333333332,2.5,0.0,0.0,0.0,0.6666666666666666,-0.2436253561253561,,
366,Gus Hutchison,1,0.0,0,0,1,21.0,1.0,0.0,0.0,0.0,1.0,-0.5512820512820513,,
367,Peter Westbury,1,0.0,0,0,1,25.0,,0.0,0.0,0.0,1.0,-0.4807692307692307,,
368,Sam Tingle,6,0.0,0,0,4,14.333333333333334,5.0,0.0,0.0,0.0,0.6666666666666666,-0.040625,,
369,Basil van Rooyen,2,0.0,0,0,2,17.0,-2.5,0.0,0.0,0.0,1.0,-0.41098484848484845,,
370,Richard Attwood,17,11.0,0,1,6,10.941176470588236,3.6470588235294117,0.6470588235294118,0.0,0.058823529411764705,0.35294117647058826,0.20604797979797967,,
371,Al Pease,2,0.0,0,0,2,14.5,1.5,0.0,0.0,0.0,1.0,0.0,,
372,John Cordts,1,0.0,0,0,1,17.0,2.0,0.0,0.0,0.0,1.0,0.0,,
373,Jim Clark,72,274.0,25,32,28,7.027777777777778,-3.388888888888889,3.8055555555555554,0.3472222222222222,0.4444444444444444,0.3888888888888889,2.643772677604199,,
374,Mike Spence,36,27.0,0,1,18,9.805555555555555,0.08333333333333333,0.75,0.0,0.027777777777777776,0.5,-0.15567269921436586,,
375,Ludovico Scarfiotti,13,17.0,1,1,7,11.846153846153847,1.6,1.3076923076923077,0.07692307692307693,0.07692307692307693,0.5384615384615384,-0.13451436130007557,,
376,Lucien Bianchi,19,6.0,0,1,13,13.894736842105264,5.470588235294118,0.3157894736842105,0.0,0.05263157894736842,0.6842105263157895,-0.3456533640315105,,
377,Jo Schlesser,2,0.0,0,0,2,20.5,-2.0,0.0,0.0,0.0,1.0,-0.375,,
378,Robin Widdows,1,0.0,0,0,1,13.0,5.0,0.0,0.0,0.0,1.0,-0.9047619047619048,,
379,Kurt Ahrens,2,0.0,0,0,1,16.5,3.5,0.0,0.0,0.0,0.5,-0.0952380952380952,,
380,Frank Gardner,9,0.0,0,0,6,15.88888888888889,0.0,0.0,0.0,0.0,0.6666666666666666,-0.21464646464646464,,
381,Bobby Unser,1,0.0,0,0,1,17.0,2.0,0.0,0.0,0.0,1.0,-0.4772727272727273,,
382,Mois횄혣횂짤s Solana,8,0.0,0,0,6,14.125,-2.5,0.0,0.0,0.0,0.75,-1.0759132996632998,,
383,Bob Anderson,26,8.0,0,1,13,11.038461538461538,2.8,0.3076923076923077,0.0,0.038461538461538464,0.5,-0.08417913832199546,,
384,Luki Botha,1,0.0,0,0,1,8.0,9.0,0.0,0.0,0.0,1.0,-0.1111111111111111,,
385,Lorenzo Bandini,44,58.0,1,8,19,9.954545454545455,-0.6904761904761905,1.3181818181818181,0.022727272727272728,0.18181818181818182,0.4318181818181818,-0.19055059523809523,,
386,Richie Ginther,54,107.0,1,14,17,7.962962962962963,-0.2830188679245283,1.9814814814814814,0.018518518518518517,0.25925925925925924,0.3148148148148148,0.4840309901738472,,
387,Mike Parkes,7,14.0,0,2,4,11.857142857142858,-3.6666666666666665,2.0,0.0,0.2857142857142857,0.5714285714285714,0.18571428571428572,,
388,Chris Irwin,10,2.0,0,0,6,11.1,2.2,0.2,0.0,0.0,0.6,-0.22904040404040402,,
389,Guy Ligier,13,1.0,0,0,7,10.153846153846153,6.916666666666667,0.07692307692307693,0.0,0.0,0.5384615384615384,-1.4098214285714283,,
390,Alan Rees,2,0.0,0,0,0,8.0,9.5,0.0,0.0,0.0,0.0,-0.246875,,
391,Brian Hart,1,0.0,0,0,0,14.0,11.0,0.0,0.0,0.0,0.0,0.0,,
392,Mike Fisher,2,0.0,0,0,1,15.0,-1.5,0.0,0.0,0.0,0.5,-0.5,,
393,Tom Jones,1,0.0,0,0,1,18.0,,0.0,0.0,0.0,1.0,-3.0,,
394,Giancarlo Baghetti,26,14.0,1,1,16,15.038461538461538,3.6666666666666665,0.5384615384615384,0.038461538461538464,0.038461538461538464,0.6153846153846154,-0.7658546593240472,,
395,Jonathan Williams,1,0.0,0,0,0,8.0,8.0,0.0,0.0,0.0,0.0,-0.7,,
396,Bob Bondurant,9,3.0,0,0,5,11.88888888888889,3.2222222222222223,0.3333333333333333,0.0,0.0,0.5555555555555556,-0.2498333333333333,,
397,Peter Arundell,15,12.0,0,2,9,11.466666666666667,3.8181818181818183,0.8,0.0,0.13333333333333333,0.6,0.14076851851851854,,
398,Vic Wilson,2,0.0,0,0,2,16.5,1.0,0.0,0.0,0.0,1.0,-0.7704797979797979,,
399,John Taylor,5,1.0,0,0,1,10.8,7.8,0.2,0.0,0.0,0.2,-0.20092592592592595,,
400,Chris Lawrence,2,0.0,0,0,1,11.0,11.5,0.0,0.0,0.0,0.5,0.0,,
401,Trevor Taylor,29,8.0,0,1,18,14.448275862068966,-1.0,0.27586206896551724,0.0,0.034482758620689655,0.6206896551724138,-0.17038927330403303,,
402,Giacomo Russo,3,0.0,0,0,2,16.333333333333332,6.5,0.0,0.0,0.0,0.6666666666666666,-0.4856481481481481,,
403,Phil Hill,52,98.0,3,16,22,9.288461538461538,0.8958333333333334,1.8846153846153846,0.057692307692307696,0.3076923076923077,0.4230769230769231,0.4625526588245391,,
404,Innes Ireland,55,47.0,1,4,30,12.072727272727272,-1.06,0.8545454545454545,0.01818181818181818,0.07272727272727272,0.5454545454545454,0.2680890818119079,,
405,Ronnie Bucknum,11,2.0,0,0,8,13.272727272727273,0.09090909090909091,0.18181818181818182,0.0,0.0,0.7272727272727273,-0.34027777777777773,,
406,Paul Hawkins,3,0.0,0,0,2,12.0,4.666666666666667,0.0,0.0,0.0,0.6666666666666666,-0.3555555555555555,,
407,David Prophet,2,0.0,0,0,1,15.0,1.5,0.0,0.0,0.0,0.5,-0.575925925925926,,
408,Tony Maggs,27,26.0,0,3,10,9.925925925925926,3.88,0.9629629629629629,0.0,0.1111111111111111,0.37037037037037035,0.08586611456176678,,
409,Trevor Blokdyk,2,0.0,0,0,1,16.5,7.0,0.0,0.0,0.0,0.5,0.0,,
410,Neville Lederle,3,1.0,0,0,2,16.666666666666668,4.0,0.3333333333333333,0.0,0.0,0.6666666666666666,-0.149645061728395,,
411,Doug Serrurier,3,0.0,0,0,2,15.666666666666666,4.0,0.0,0.0,0.0,0.6666666666666666,0.0,,
412,Brausch Niemann,2,0.0,0,0,1,19.0,1.0,0.0,0.0,0.0,0.5,0.0,,
413,Ernie Pieterse,3,0.0,0,0,2,18.0,-2.0,0.0,0.0,0.0,0.6666666666666666,-0.48297839506172835,,
414,Clive Puzey,1,0.0,0,0,1,26.0,,0.0,0.0,0.0,1.0,-0.711111111111111,,
416,David Clapham,1,0.0,0,0,1,30.0,,0.0,0.0,0.0,1.0,0.0,,
417,Alex Blignaut,1,0.0,0,0,1,31.0,,0.0,0.0,0.0,1.0,-0.2799999999999999,,
418,Masten Gregory,45,21.0,0,3,24,13.11111111111111,0.5526315789473685,0.4666666666666667,0.0,0.06666666666666667,0.5333333333333333,0.015601228941580095,,
419,John Rhodes,1,0.0,0,0,1,16.0,5.0,0.0,0.0,0.0,1.0,-0.2799999999999999,,
420,Ian Raby,7,0.0,0,0,6,19.714285714285715,5.333333333333333,0.0,0.0,0.0,0.8571428571428571,-0.2530116213151927,,
421,Alan Rollinson,1,0.0,0,0,1,22.0,,0.0,0.0,0.0,1.0,0.0,,
422,Brian Gubby,1,0.0,0,0,1,23.0,,0.0,0.0,0.0,1.0,-0.711111111111111,,
423,Gerhard Mitter,5,3.0,0,0,3,14.6,4.5,0.6,0.0,0.0,0.6,-0.39853395061728397,,
424,Roberto Bussinello,4,0.0,0,0,4,21.25,1.5,0.0,0.0,0.0,1.0,-0.45,,
425,Nino Vaccarella,5,0.0,0,0,3,15.2,2.25,0.0,0.0,0.0,0.6,-0.321425815696649,,
426,Giorgio Bassi,1,0.0,0,0,1,23.0,-1.0,0.0,0.0,0.0,1.0,-1.35,,
427,Maurice Trintignant,87,72.33,2,10,44,11.333333333333334,0.47058823529411764,0.8313793103448276,0.022988505747126436,0.11494252873563218,0.5057471264367817,0.045186225307519964,,
428,Bernard Collomb,6,0.0,0,0,5,18.833333333333332,3.25,0.0,0.0,0.0,0.8333333333333334,-0.34229769685652034,,
429,Andr횄혣횂짤 Pilette,15,2.0,0,0,8,15.8,5.222222222222222,0.13333333333333333,0.0,0.0,0.5333333333333333,-0.23591151738473165,,
430,Carel Godin de Beaufort,31,4.0,0,0,9,12.419354838709678,5.535714285714286,0.12903225806451613,0.0,0.0,0.2903225806451613,-0.17339978265904193,,
431,Edgar Barth,7,0.0,0,0,4,17.714285714285715,3.6,0.0,0.0,0.0,0.5714285714285714,-0.2780864197530864,,
432,M횄혣횄혖rio de Ara횄혣횂쩌jo Cabral,5,0.0,0,0,4,14.2,4.75,0.0,0.0,0.0,0.8,-0.2015151515151515,,
433,Walt Hansgen,4,2.0,0,0,3,17.0,4.0,0.5,0.0,0.0,0.75,0.05757829520697172,,
434,Hap Sharp,6,0.0,0,0,2,11.666666666666666,5.5,0.0,0.0,0.0,0.3333333333333333,-0.2524416963755199,,
435,Willy Mairesse,12,7.0,0,1,10,13.083333333333334,-3.4166666666666665,0.5833333333333334,0.0,0.08333333333333333,0.8333333333333334,-0.8923867199053535,,
436,John Campbell-Jones,5,0.0,0,0,3,20.2,9.0,0.0,0.0,0.0,0.6,-0.09653669043374924,,
437,Ian Burgess,26,0.0,0,0,17,17.384615384615383,4.875,0.0,0.0,0.0,0.6538461538461539,-0.29053993138757483,,
438,Tony Settember,10,0.0,0,0,9,18.0,4.166666666666667,0.0,0.0,0.0,0.9,0.0,,
439,Nasif Est횄혣횂짤fano,5,0.0,0,0,4,23.0,6.0,0.0,0.0,0.0,0.8,0.0,,
440,Jim Hall,12,3.0,0,0,5,10.166666666666666,6.0,0.25,0.0,0.0,0.4166666666666667,-0.2969003113432461,,
441,Tim Parnell,4,0.0,0,0,3,22.75,10.0,0.0,0.0,0.0,0.75,-0.48695989167766435,,
442,Kurt Kuhnke,2,0.0,0,0,2,28.5,,0.0,0.0,0.0,1.0,0.0,,
443,Ernesto Brambilla,1,0.0,0,0,1,26.0,,0.0,0.0,0.0,1.0,0.0,,
444,Roberto Lippi,3,0.0,0,0,3,29.0,1.0,0.0,0.0,0.0,1.0,0.0,,
445,G횄혣_nther Seiffert,2,0.0,0,0,2,30.5,,0.0,0.0,0.0,1.0,-0.03448773448773445,,
446,Carlo Abate,2,0.0,0,0,2,26.5,,0.0,0.0,0.0,1.0,-0.3255787037037037,,
447,Gaetano Starrabba,2,0.0,0,0,2,24.0,15.0,0.0,0.0,0.0,1.0,0.0,,
448,Peter Broeker,1,0.0,0,0,0,7.0,14.0,0.0,0.0,0.0,0.0,0.0,,
449,Rodger Ward,12,14.0,1,2,9,16.75,-0.25,1.1666666666666667,0.08333333333333333,0.16666666666666666,0.75,0.5032353502181088,,
450,Ernie de Vos,1,0.0,0,0,1,24.0,,0.0,0.0,0.0,1.0,0.0,,
451,Frank Dochnal,1,0.0,0,0,1,22.0,,0.0,0.0,0.0,1.0,-0.5333333333333333,,
452,Thomas Monarch,1,0.0,0,0,1,25.0,,0.0,0.0,0.0,1.0,-0.494074074074074,,
453,Jackie Lewis,11,3.0,0,0,6,14.727272727272727,1.8888888888888888,0.2727272727272727,0.0,0.0,0.5454545454545454,-0.3429193899782135,,
454,Ricardo Rodr횄혣_guez,6,4.0,0,0,4,12.166666666666666,-2.0,0.6666666666666666,0.0,0.0,0.6666666666666666,-1.5879931972789119,,
455,Wolfgang Seidel,13,0.0,0,0,10,20.076923076923077,2.7,0.0,0.0,0.0,0.7692307692307693,-0.2712009309652715,,
456,Roy Salvadori,51,19.0,0,2,32,13.156862745098039,-0.10638297872340426,0.37254901960784315,0.0,0.0392156862745098,0.6274509803921569,-0.2902433266316109,,
457,Ben Pon,1,0.0,0,0,1,20.0,-10.0,0.0,0.0,0.0,1.0,-0.3044532627865961,,
458,Rob Slotemaker,1,0.0,0,0,1,21.0,,0.0,0.0,0.0,1.0,-0.3044532627865961,,
459,Tony Marsh,9,0.0,0,0,6,19.88888888888889,5.25,0.0,0.0,0.0,0.6666666666666666,-0.5399362643608168,,
460,Gerry Ashmore,5,0.0,0,0,4,24.6,0.0,0.0,0.0,0.0,0.8,-0.546781784372364,,
461,Heinz Schiller,2,0.0,0,0,2,24.5,-4.0,0.0,0.0,0.0,1.0,-0.16651234567901232,,
462,Colin Davis,3,0.0,0,0,2,17.0,2.0,0.0,0.0,0.0,0.6666666666666666,-0.15222663139329806,,
463,Jay Chamberlain,3,0.0,0,0,2,24.333333333333332,5.0,0.0,0.0,0.0,0.6666666666666666,-0.24375,,
464,Tony Shelly,3,0.0,0,0,3,23.333333333333332,-3.0,0.0,0.0,0.0,1.0,-0.13616071428571425,,
465,Keith Greene,7,0.0,0,0,6,22.0,2.6666666666666665,0.0,0.0,0.0,0.8571428571428571,-0.24696713374344953,,
466,Heini Walter,1,0.0,0,0,0,14.0,0.0,0.0,0.0,0.0,0.0,-0.3044532627865961,,
467,Ernesto Prinoth,2,0.0,0,0,2,32.0,,0.0,0.0,0.0,1.0,-0.24609860248447205,,
468,Roger Penske,2,0.0,0,0,0,8.5,6.0,0.0,0.0,0.0,0.0,-0.22113970588235288,,
469,Rob Schroeder,1,0.0,0,0,0,10.0,7.0,0.0,0.0,0.0,0.0,-0.24375,,
470,Timmy Mayer,1,0.0,0,0,1,16.0,-4.0,0.0,0.0,0.0,1.0,-0.625,,
471,Bruce Johnstone,1,0.0,0,0,0,9.0,8.0,0.0,0.0,0.0,0.0,-1.148148148148148,,
472,Mike Harris,1,0.0,0,0,1,15.0,0.0,0.0,0.0,0.0,1.0,0.0,,
473,Gary Hocking,1,0.0,0,0,1,18.0,,0.0,0.0,0.0,1.0,-0.24375,,
474,Syd van der Vyver,1,0.0,0,0,1,19.0,,0.0,0.0,0.0,1.0,-0.24375,,
475,Stirling Moss,73,186.5,16,24,36,9.068493150684931,-3.8904109589041096,2.5547945205479454,0.2191780821917808,0.3287671232876712,0.4931506849315068,1.1976589288665715,,
476,Wolfgang von Trips,28,56.0,2,6,13,8.178571428571429,0.2222222222222222,2.0,0.07142857142857142,0.21428571428571427,0.4642857142857143,-0.32045145330859626,,
477,Cliff Allison,18,11.0,0,1,8,10.88888888888889,3.875,0.6111111111111112,0.0,0.05555555555555555,0.4444444444444444,-0.05679273883466433,,
478,Hans Herrmann,20,10.0,0,1,11,12.95,0.8235294117647058,0.5,0.0,0.05,0.55,-0.6098295280269918,,
479,Tony Brooks,41,75.0,6,10,20,10.853658536585366,-4.4,1.829268292682927,0.14634146341463414,0.24390243902439024,0.4878048780487805,0.36530451195629765,,
480,Michael May,4,0.0,0,0,3,23.25,5.5,0.0,0.0,0.0,0.75,-0.2484472049689441,,
481,Henry Taylor,10,3.0,0,0,3,13.8,6.0,0.3,0.0,0.0,0.3,-0.3033291397135791,,
482,Olivier Gendebien,17,18.0,0,2,6,11.882352941176471,0.07142857142857142,1.0588235294117647,0.0,0.11764705882352941,0.35294117647058826,-0.2557502103043365,,
483,Giorgio Scarlatti,15,1.0,0,0,10,13.733333333333333,2.25,0.06666666666666667,0.0,0.0,0.6666666666666666,-0.46617590744354664,,
484,Brian Naylor,9,0.0,0,0,7,19.333333333333332,0.7142857142857143,0.0,0.0,0.0,0.7777777777777778,-0.17264616284224124,,
485,Juan Manuel Bordeu,1,0.0,0,0,1,28.0,,0.0,0.0,0.0,1.0,-0.2484472049689441,,
486,Jack Fairman,13,5.0,0,0,10,16.615384615384617,1.9230769230769231,0.38461538461538464,0.0,0.0,0.7692307692307693,-0.07353988246016109,,
487,Massimo Natili,2,0.0,0,0,2,32.5,-2.0,0.0,0.0,0.0,1.0,0.0,,
488,Peter Monteverdi,1,0.0,0,0,1,30.0,,0.0,0.0,0.0,1.0,0.0,,
489,Renato Pirocchi,2,0.0,0,0,1,21.5,17.0,0.0,0.0,0.0,0.5,-0.0992647058823529,,
490,Geoff Duke,1,0.0,0,0,1,32.0,,0.0,0.0,0.0,1.0,-0.1985294117647058,,
491,Alfonso Thiele,2,0.0,0,0,2,24.0,-3.0,0.0,0.0,0.0,1.0,-0.23562834224598925,,
492,Menato Boffa,1,0.0,0,0,1,38.0,,0.0,0.0,0.0,1.0,-0.1985294117647058,,
493,Peter Ryan,1,0.0,0,0,0,9.0,4.0,0.0,0.0,0.0,0.0,-0.2484472049689441,,
494,Lloyd Ruby,2,0.0,0,0,1,10.5,5.0,0.0,0.0,0.0,0.5,-0.9992236024844721,,
495,Ken Miles,1,0.0,0,0,1,20.0,,0.0,0.0,0.0,1.0,-0.2484472049689441,,
496,Carlos Menditeguy,12,9.0,0,1,8,10.5,0.08333333333333333,0.75,0.0,0.08333333333333333,0.6666666666666666,0.24548514085983034,,
497,Alberto Rodriguez Larreta,1,0.0,0,0,0,9.0,6.0,0.0,0.0,0.0,0.0,-0.9883333333333332,,
498,Jos횄혣횂짤 Froil횄혣횄혖n Gonz횄혣횄혖lez,29,77.64,2,15,10,7.655172413793103,-2.4827586206896552,2.677241379310345,0.06896551724137931,0.5172413793103449,0.3448275862068966,0.9981795190739995,,
499,Roberto Bonomi,1,0.0,0,0,0,11.0,6.0,0.0,0.0,0.0,0.0,-0.2727272727272727,,
500,Gino Munaron,4,0.0,0,0,2,14.25,3.5,0.0,0.0,0.0,0.5,-0.375,,
501,Harry Schell,64,32.0,0,2,33,11.03125,-0.3968253968253968,0.5,0.0,0.03125,0.515625,-0.2381578983201779,,
502,Alan Stacey,7,0.0,0,0,6,13.142857142857142,0.5714285714285714,0.0,0.0,0.0,0.8571428571428571,-0.400376984126984,,
503,Ettore Chimeri,1,0.0,0,0,1,20.0,1.0,0.0,0.0,0.0,1.0,0.0,,
504,Antonio Creus,1,0.0,0,0,1,21.0,1.0,0.0,0.0,0.0,1.0,0.0,,
505,Chris Bristow,4,0.0,0,0,3,12.5,-3.5,0.0,0.0,0.0,0.75,-0.3465909090909091,,
506,Bruce Halford,9,0.0,0,0,8,13.444444444444445,3.0,0.0,0.0,0.0,0.8888888888888888,-0.5592014756077256,,
507,Chuck Daigh,6,0.0,0,0,5,17.833333333333332,3.25,0.0,0.0,0.0,0.8333333333333334,-0.3465909090909091,,
508,Lance Reventlow,4,0.0,0,0,4,21.25,-1.0,0.0,0.0,0.0,1.0,-0.3465909090909091,,
509,Jim Rathmann,12,29.0,1,4,4,11.666666666666666,5.666666666666667,2.4166666666666665,0.08333333333333333,0.3333333333333333,0.3333333333333333,0.8690339354132458,,
510,Paul Goldsmith,3,6.0,0,1,1,12.666666666666666,6.666666666666667,2.0,0.0,0.3333333333333333,0.3333333333333333,1.277777777777778,,
511,Don Branson,2,3.0,0,0,1,14.0,-5.0,1.5,0.0,0.0,0.5,0.0,,
512,Johnny Thomson,9,10.0,0,1,5,17.11111111111111,0.3333333333333333,1.1111111111111112,0.0,0.1111111111111111,0.5555555555555556,0.2998084291187739,,
513,Eddie Johnson,9,1.0,0,0,2,13.444444444444445,7.666666666666667,0.1111111111111111,0.0,0.0,0.2222222222222222,-0.0865552072448624,,
514,Bob Veith,5,0.0,0,0,1,12.4,2.6,0.0,0.0,0.0,0.2,-0.15,,
515,Bud Tingelstad,1,0.0,0,0,0,9.0,19.0,0.0,0.0,0.0,0.0,-0.5,,
516,Bob Christie,5,0.0,0,0,2,15.0,7.6,0.0,0.0,0.0,0.4,-0.19545454545454544,,
517,Red Amick,2,0.0,0,0,1,21.0,3.0,0.0,0.0,0.0,0.5,-0.3333333333333333,,
518,Duane Carter,10,6.5,0,1,1,10.0,3.5,0.65,0.0,0.1,0.1,0.28437633035334187,,
519,Bill Homeier,3,1.0,0,0,1,17.0,1.6666666666666667,0.3333333333333333,0.0,0.0,0.3333333333333333,-0.18397745571658616,,
520,Gene Hartley,9,0.0,0,0,4,16.666666666666668,0.4444444444444444,0.0,0.0,0.0,0.4444444444444444,-0.2288511828741714,,
521,Chuck Stevenson,7,0.0,0,0,4,18.0,-7.571428571428571,0.0,0.0,0.0,0.5714285714285714,-0.7784619594964423,,
522,Bobby Grim,2,0.0,0,0,1,21.0,-8.0,0.0,0.0,0.0,0.5,0.0,,
523,Shorty Templeman,3,0.0,0,0,3,18.0,6.333333333333333,0.0,0.0,0.0,1.0,-0.08333333333333333,,
524,Jim Hurtubise,1,0.0,0,0,1,18.0,5.0,0.0,0.0,0.0,1.0,0.0,,
525,Jimmy Bryan,9,18.0,1,3,3,13.444444444444445,1.7777777777777777,2.0,0.1111111111111111,0.3333333333333333,0.3333333333333333,0.8015873015873016,,
526,Troy Ruttman,9,9.5,1,1,5,17.88888888888889,-6.125,1.0555555555555556,0.1111111111111111,0.1111111111111111,0.5555555555555556,-0.34320829781187834,,
527,Eddie Sachs,4,0.0,0,0,4,20.75,-15.0,0.0,0.0,0.0,1.0,-0.25,,
528,Don Freeland,8,4.0,0,1,4,15.0,2.25,0.5,0.0,0.125,0.5,-0.0284090909090909,,
529,Tony Bettenhausen,13,11.0,0,1,7,14.76923076923077,-2.3076923076923075,0.8461538461538461,0.0,0.07692307692307693,0.5384615384615384,-0.29548931342409607,,
530,Wayne Weiler,1,0.0,0,0,1,24.0,-9.0,0.0,0.0,0.0,1.0,-0.6666666666666666,,
531,Anthony Foyt,3,0.0,0,0,2,17.0,-2.0,0.0,0.0,0.0,0.6666666666666666,0.0,,
532,Eddie Russo,4,0.0,0,0,4,25.75,-5.25,0.0,0.0,0.0,1.0,-0.1818181818181818,,
533,Johnny Boyd,6,4.0,0,1,3,16.833333333333332,-4.333333333333333,0.6666666666666666,0.0,0.16666666666666666,0.5,0.032169521299956115,,
534,Gene Force,2,0.0,0,0,2,19.5,1.5,0.0,0.0,0.0,1.0,-0.5588235294117647,,
535,Jim McWithey,2,0.0,0,0,1,22.5,10.0,0.0,0.0,0.0,0.5,-0.3333333333333333,,
536,Len Sutton,3,0.0,0,0,3,31.333333333333332,-13.333333333333334,0.0,0.0,0.0,1.0,-1.5,,
537,Dick Rathmann,5,2.0,0,0,4,23.0,-16.8,0.4,0.0,0.0,0.8,-0.75,,
538,Al Herman,5,0.0,0,0,3,20.2,5.0,0.0,0.0,0.0,0.6,-0.28260869565217395,,
539,Dempsey Wilson,2,0.0,0,0,2,24.0,8.5,0.0,0.0,0.0,1.0,0.0,,
540,Mike Taylor,2,0.0,0,0,2,21.0,0.5,0.0,0.0,0.0,1.0,-0.8533458646616541,,
541,Ron Flockhart,15,5.0,0,1,10,14.6,0.7692307692307693,0.3333333333333333,0.0,0.06666666666666667,0.6666666666666666,-0.12441431966726081,,
542,David Piper,3,0.0,0,0,2,18.333333333333332,4.0,0.0,0.0,0.0,0.6666666666666666,-0.5536904761904761,,
543,Giulio Cabianca,4,3.0,0,0,2,13.0,5.666666666666667,0.75,0.0,0.0,0.5,0.5027173913043478,,
544,Piero Drogo,1,0.0,0,0,0,8.0,7.0,0.0,0.0,0.0,0.0,-0.6931818181818182,,
545,Fred Gamble,1,0.0,0,0,0,10.0,4.0,0.0,0.0,0.0,0.0,0.0,,
546,Arthur Owen,1,0.0,0,0,1,16.0,-5.0,0.0,0.0,0.0,1.0,-0.6931818181818182,,
547,Horace Gould,18,2.0,0,0,13,14.833333333333334,1.8666666666666667,0.1111111111111111,0.0,0.0,0.7222222222222222,-0.23059136163755725,,
548,Bob Drake,1,0.0,0,0,0,13.0,9.0,0.0,0.0,0.0,0.0,0.0,,
549,Ivor Bueb,6,0.0,0,0,3,12.833333333333334,5.2,0.0,0.0,0.0,0.5,-0.5252736876914509,,
550,Alain de Changy,1,0.0,0,0,1,19.0,,0.0,0.0,0.0,1.0,-0.718358395989975,,
551,Maria de Filippis,5,0.0,0,0,4,15.2,7.333333333333333,0.0,0.0,0.0,0.8,-0.11956521739130435,,
552,Jean Lucienbonnet,1,0.0,0,0,1,23.0,,0.0,0.0,0.0,1.0,-0.718358395989975,,
553,Andr횄혣횂짤 Testut,2,0.0,0,0,2,23.5,,0.0,0.0,0.0,1.0,-0.11956521739130435,,
554,Jean Behra,57,51.0,0,9,32,10.666666666666666,-2.56140350877193,0.8947368421052632,0.0,0.15789473684210525,0.5614035087719298,0.39213620318477116,,
555,Paul Russo,9,8.5,0,1,3,12.444444444444445,2.111111111111111,0.9444444444444444,0.0,0.1111111111111111,0.3333333333333333,0.55238384595581,,
556,Jimmy Daywalt,7,0.0,0,0,4,18.857142857142858,-4.285714285714286,0.0,0.0,0.0,0.5714285714285714,-0.4401327474790743,,
557,Chuck Arnold,1,0.0,0,0,0,15.0,6.0,0.0,0.0,0.0,0.0,0.0,,
558,Al Keller,5,0.0,0,0,3,19.4,2.0,0.0,0.0,0.0,0.6,-0.3780632411067194,,
559,Pat Flaherty,6,8.0,1,1,3,15.0,0.6666666666666666,1.3333333333333333,0.16666666666666666,0.16666666666666666,0.5,-0.9975442834138487,,
560,Bill Cheesbourg,3,0.0,0,0,2,19.0,9.666666666666666,0.0,0.0,0.0,0.6666666666666666,-0.15909090909090906,,
561,Ray Crawford,3,0.0,0,0,3,25.0,-1.0,0.0,0.0,0.0,1.0,-0.4710144927536232,,
562,Jack Turner,4,0.0,0,0,3,22.0,-5.25,0.0,0.0,0.0,0.75,-0.1818181818181818,,
563,Chuck Weyant,4,0.0,0,0,2,19.5,7.5,0.0,0.0,0.0,0.5,-0.4782608695652174,,
564,Jud Larson,2,0.0,0,0,1,18.5,0.5,0.0,0.0,0.0,0.5,0.0,,
565,Mike Magill,3,0.0,0,0,3,23.666666666666668,3.0,0.0,0.0,0.0,1.0,-0.15909090909090906,,
566,Carroll Shelby,9,0.0,0,0,5,11.88888888888889,1.2222222222222223,0.0,0.0,0.0,0.5555555555555556,-0.11956521739130435,,
567,Fritz d'Orey,3,0.0,0,0,2,12.666666666666666,5.666666666666667,0.0,0.0,0.0,0.6666666666666666,0.0,,
568,Azdrubal Fontes,1,0.0,0,0,1,22.0,,0.0,0.0,0.0,1.0,0.0,,
569,Peter Ashdown,1,0.0,0,0,0,12.0,11.0,0.0,0.0,0.0,0.0,-0.718358395989975,,
570,Bill Moss,1,0.0,0,0,1,26.0,,0.0,0.0,0.0,1.0,-0.718358395989975,,
571,Dennis Taylor,1,0.0,0,0,1,28.0,,0.0,0.0,0.0,1.0,-0.119047619047619,,
572,Harry Blanchard,1,0.0,0,0,0,7.0,9.0,0.0,0.0,0.0,0.0,0.0,,
573,Alessandro de Tomaso,2,0.0,0,0,1,10.0,3.0,0.0,0.0,0.0,0.5,-0.5261904761904762,,
574,George Constantine,1,0.0,0,0,1,16.0,-1.0,0.0,0.0,0.0,1.0,0.0,,
575,Bob Said,1,0.0,0,0,1,18.0,-5.0,0.0,0.0,0.0,1.0,0.0,,
576,Phil Cade,1,0.0,0,0,1,19.0,,0.0,0.0,0.0,1.0,0.0,,
577,Luigi Musso,26,45.0,1,7,12,8.615384615384615,-0.7692307692307693,1.7307692307692308,0.038461538461538464,0.2692307692307692,0.46153846153846156,0.3780057539682539,,
578,Mike Hawthorn,48,127.64,3,18,16,7.020833333333333,-1.0,2.6591666666666667,0.0625,0.375,0.3333333333333333,1.1183959068709068,,
579,Juan Fangio,58,279.14,24,35,14,4.793103448275862,-2.310344827586207,4.812758620689655,0.41379310344827586,0.603448275862069,0.2413793103448276,3.623313133852575,,
580,Paco Godia,14,6.0,0,0,6,11.214285714285714,6.076923076923077,0.42857142857142855,0.0,0.0,0.42857142857142855,-0.2368547133301481,,
581,Peter Collins,37,47.0,3,9,21,11.08108108108108,-1.3428571428571427,1.2702702702702702,0.08108108108108109,0.24324324324324326,0.5675675675675675,0.1194336219336219,,
582,Ken Kavanagh,1,0.0,0,0,1,18.0,,0.0,0.0,0.0,1.0,-0.2391304347826087,,
583,Gerino Gerini,7,1.5,0,0,3,11.857142857142858,5.5,0.21428571428571427,0.0,0.0,0.42857142857142855,-0.03708658491267185,,
584,Bruce Kessler,1,0.0,0,0,1,20.0,,0.0,0.0,0.0,1.0,0.0,,
585,Paul Emery,2,0.0,0,0,2,23.0,-2.0,0.0,0.0,0.0,1.0,0.0,,
586,Luigi Piotti,9,0.0,0,0,7,16.555555555555557,2.4,0.0,0.0,0.0,0.7777777777777778,-0.35614411630036624,,
587,Bernie Ecclestone,1,0.0,0,0,1,28.0,,0.0,0.0,0.0,1.0,0.0,,
588,Luigi Taramazzo,1,0.0,0,0,1,29.0,,0.0,0.0,0.0,1.0,-0.2391304347826087,,
589,Louis Chiron,17,4.0,0,1,10,14.058823529411764,2.4,0.23529411764705882,0.0,0.058823529411764705,0.5882352941176471,-0.13067229280627682,,
590,Stuart Lewis-Evans,14,16.0,0,2,8,10.0,-3.357142857142857,1.1428571428571428,0.0,0.14285714285714285,0.5714285714285714,-0.2546296296296296,,
591,George Amick,1,6.0,0,1,0,2.0,23.0,6.0,0.0,1.0,0.0,1.0,,
592,Jimmy Reece,6,0.0,0,0,2,15.0,-2.5,0.0,0.0,0.0,0.3333333333333333,-0.14105339105339104,,
593,Johnnie Parsons,10,12.0,1,1,4,15.4,-0.4,1.2,0.1,0.1,0.4,0.666560306271333,,
594,Johnnie Tolan,3,0.0,0,0,2,18.0,12.666666666666666,0.0,0.0,0.0,0.6666666666666666,-0.2424242424242424,,
595,Billy Garrett,2,0.0,0,0,1,18.5,3.5,0.0,0.0,0.0,0.5,-0.125,,
596,Ed Elisian,5,0.0,0,0,4,25.6,-9.0,0.0,0.0,0.0,0.8,-0.32806324110671936,,
597,Pat O'Connor,5,0.0,0,0,2,16.8,-8.8,0.0,0.0,0.0,0.4,-0.5058410188844971,,
598,Jerry Unser,1,0.0,0,0,1,31.0,-7.0,0.0,0.0,0.0,1.0,-0.25,,
599,Art Bisch,1,0.0,0,0,1,33.0,-5.0,0.0,0.0,0.0,1.0,0.0,,
600,Christian Goethals,1,0.0,0,0,1,16.0,7.0,0.0,0.0,0.0,1.0,-0.689075630252101,,
601,Dick Gibson,2,0.0,0,0,2,22.5,-1.5,0.0,0.0,0.0,1.0,-0.38157485216308745,,
602,Robert La Caze,1,0.0,0,0,0,14.0,9.0,0.0,0.0,0.0,0.0,-0.689075630252101,,
603,Andr횄혣횂짤 Guelfi,1,0.0,0,0,0,15.0,10.0,0.0,0.0,0.0,0.0,-0.689075630252101,,
604,Fran횄혣횂짚ois Picard,1,0.0,0,0,1,18.0,6.0,0.0,0.0,0.0,1.0,-0.689075630252101,,
605,Tom Bridger,1,0.0,0,0,1,19.0,3.0,0.0,0.0,0.0,1.0,-0.689075630252101,,
606,Alfonso de Portago,6,4.0,0,1,3,10.666666666666666,-1.0,0.6666666666666666,0.0,0.16666666666666666,0.5,-0.5391071428571429,,
607,Cesare Perdisa,9,5.0,0,2,2,7.666666666666667,4.125,0.5555555555555556,0.0,0.2222222222222222,0.2222222222222222,-0.19686609686609688,,
608,Eugenio Castellotti,17,19.5,0,3,9,9.529411764705882,-4.647058823529412,1.1470588235294117,0.0,0.17647058823529413,0.5294117647058824,0.0392210497835499,,
609,Andr횄혣횂짤 Simon,12,0.0,0,0,8,13.333333333333334,0.36363636363636365,0.0,0.0,0.0,0.6666666666666666,-0.8113234236002091,,
610,Les Leston,3,0.0,0,0,3,19.666666666666668,-3.0,0.0,0.0,0.0,1.0,-0.3858024691358024,,
611,Sam Hanks,9,20.0,1,4,4,11.222222222222221,2.111111111111111,2.2222222222222223,0.1111111111111111,0.4444444444444444,0.4444444444444444,0.8720394354643407,,
612,Andy Linden,11,5.0,0,0,7,18.818181818181817,-6.2727272727272725,0.45454545454545453,0.0,0.0,0.6363636363636364,-0.16999768514011393,,
613,Marshall Teague,4,0.0,0,0,2,15.75,3.0,0.0,0.0,0.0,0.5,-0.5559619180308836,,
614,Don Edmunds,1,0.0,0,0,1,19.0,8.0,0.0,0.0,0.0,1.0,-0.2272727272727272,,
615,Fred Agabashian,8,1.5,0,0,5,18.5,-11.625,0.1875,0.0,0.0,0.625,-0.5313696554447502,,
616,Elmer George,1,0.0,0,0,1,33.0,-24.0,0.0,0.0,0.0,1.0,-0.2272727272727272,,
617,Mike MacDowel,1,0.0,0,0,0,7.0,8.0,0.0,0.0,0.0,0.0,-0.074074074074074,,
618,Herbert MacKay-Fraser,1,0.0,0,0,1,11.0,1.0,0.0,0.0,0.0,1.0,0.0,,
619,Bob Gerard,7,0.0,0,0,0,8.714285714285714,6.857142857142857,0.0,0.0,0.0,0.0,-0.012345679012345666,,
620,Umberto Maglioli,10,3.33,0,2,4,10.4,1.9,0.333,0.0,0.2,0.4,-0.5003827894327894,,
621,Paul England,1,0.0,0,0,1,22.0,1.0,0.0,0.0,0.0,1.0,-0.074074074074074,,
622,Chico Landi,6,1.5,0,0,3,12.833333333333334,4.166666666666667,0.25,0.0,0.0,0.5,-0.7032355665168164,,
623,Alberto Uria,2,0.0,0,0,1,10.0,7.0,0.0,0.0,0.0,0.5,-0.4024420024420024,,
624,Hernando da Silva Ramos,8,2.0,0,0,5,13.125,4.5,0.25,0.0,0.0,0.625,-0.056125356125356095,,
625,횄혣횄짚lie Bayol,7,2.0,0,0,5,15.857142857142858,-2.2857142857142856,0.2857142857142857,0.0,0.0,0.7142857142857143,0.32407407407407407,,
626,Robert Manzon,29,16.0,0,2,18,13.655172413793103,-2.2142857142857144,0.5517241379310345,0.0,0.06896551724137931,0.6206896551724138,0.10505359719645437,,
627,Louis Rosier,39,18.0,0,2,13,10.64102564102564,3.6666666666666665,0.46153846153846156,0.0,0.05128205128205128,0.3333333333333333,-0.3630632284630052,,
628,Bob Sweikert,5,8.0,1,1,2,13.4,5.4,1.6,0.2,0.2,0.4,1.1658040027605245,,
629,Cliff Griffith,3,0.0,0,0,1,15.666666666666666,3.3333333333333335,0.0,0.0,0.0,0.3333333333333333,-0.5788982259570495,,
630,Duke Dinsmore,4,0.0,0,0,3,22.5,-2.0,0.0,0.0,0.0,0.75,-0.808764367816092,,
631,Keith Andrews,2,0.0,0,0,2,23.0,1.0,0.0,0.0,0.0,1.0,-0.25,,
632,Paul Fr횄혣횂짭re,11,11.0,0,1,6,10.909090909090908,0.2727272727272727,1.0,0.0,0.09090909090909091,0.5454545454545454,0.8870099607182941,,
633,Luigi Villoresi,35,49.0,0,8,17,9.885714285714286,-2.5428571428571427,1.4,0.0,0.22857142857142856,0.4857142857142857,0.08377825831575833,,
634,Piero Scotti,1,0.0,0,0,1,13.0,-1.0,0.0,0.0,0.0,1.0,-1.0833333333333333,,
635,Colin Chapman,1,0.0,0,0,1,20.0,-15.0,0.0,0.0,0.0,1.0,-0.0833333333333333,,
636,Desmond Titterington,1,0.0,0,0,1,14.0,-3.0,0.0,0.0,0.0,1.0,-1.0833333333333333,,
637,Archie Scott Brown,1,0.0,0,0,1,24.0,-14.0,0.0,0.0,0.0,1.0,-1.0833333333333333,,
638,Ottorino Volonterio,3,0.0,0,0,1,9.666666666666666,9.0,0.0,0.0,0.0,0.3333333333333333,-0.7150477106227106,,
639,Andr횄혣횂짤 Milhoux,1,0.0,0,0,1,8.0,13.0,0.0,0.0,0.0,1.0,-0.0833333333333333,,
640,Toulo de Graffenried,23,9.0,0,0,11,12.217391304347826,1.3181818181818181,0.391304347826087,0.0,0.0,0.4782608695652174,-0.46700354367854363,,
641,Piero Taruffi,18,41.0,1,5,6,7.666666666666667,-1.0588235294117647,2.2777777777777777,0.05555555555555555,0.2777777777777778,0.3333333333333333,-0.11367858799363893,,
642,Nino Farina,37,127.33,5,20,11,5.837837837837838,-2.6486486486486487,3.441351351351351,0.13513513513513514,0.5405405405405406,0.2972972972972973,1.821006654555762,,
643,Roberto Mieres,17,13.0,0,0,9,10.294117647058824,3.0588235294117645,0.7647058823529411,0.0,0.0,0.5294117647058824,0.3016100529100529,,
644,Sergio Mantovani,9,4.0,0,0,3,8.88888888888889,5.625,0.4444444444444444,0.0,0.0,0.3333333333333333,-0.42029801587301585,,
645,Clemar Bucci,5,0.0,0,0,5,16.4,-1.2,0.0,0.0,0.0,1.0,-0.25806878306878306,,
646,Jes횄혣횂쩌s Iglesias,1,0.0,0,0,1,10.0,7.0,0.0,0.0,0.0,1.0,0.0,,
647,Alberto Ascari,36,140.0,13,17,14,8.444444444444445,-3.861111111111111,3.888888888888889,0.3611111111111111,0.4722222222222222,0.3888888888888889,1.1573423472250852,,
648,Karl Kling,12,17.0,0,2,6,8.5,-1.5,1.4166666666666667,0.0,0.16666666666666666,0.5,-1.1989484126984125,,
649,Pablo Birger,2,0.0,0,0,2,17.5,-6.0,0.0,0.0,0.0,1.0,0.0,,
650,Jacques Pollet,5,0.0,0,0,3,13.2,3.8,0.0,0.0,0.0,0.6,-0.14814814814814814,,
651,Lance Macklin,15,0.0,0,0,10,16.933333333333334,0.7692307692307693,0.0,0.0,0.0,0.6666666666666666,-0.07768759018759018,,
652,Ted Whiteaway,1,0.0,0,0,1,22.0,,0.0,0.0,0.0,1.0,0.0,,
653,Jimmy Davies,6,4.0,0,1,2,12.833333333333334,9.333333333333334,0.6666666666666666,0.0,0.16666666666666666,0.3333333333333333,0.3292686989838414,,
654,Walt Faulkner,5,1.0,0,0,1,11.2,-3.0,0.2,0.0,0.0,0.2,-0.6296201899050475,,
655,Cal Niday,3,0.0,0,0,2,18.666666666666668,-1.3333333333333333,0.0,0.0,0.0,0.6666666666666666,-0.5715892053973014,,
656,Art Cross,4,8.0,0,1,1,8.75,12.0,2.0,0.0,0.25,0.25,1.256823968967897,,
657,Bill Vukovich,5,19.0,2,2,3,14.6,-4.0,3.8,0.4,0.4,0.6,3.2054591751743176,,
658,Jack McGrath,6,9.0,0,2,2,10.333333333333334,-7.166666666666667,1.5,0.0,0.3333333333333333,0.3333333333333333,0.6627192472857876,,
659,Jerry Hoyt,5,0.0,0,0,3,21.8,-4.8,0.0,0.0,0.0,0.6,-0.5934865900383142,,
660,Johnny Claes,25,0.0,0,0,12,13.84,5.608695652173913,0.0,0.0,0.0,0.48,-0.36388494640280356,,
661,Peter Walker,4,0.0,0,0,3,15.5,-2.25,0.0,0.0,0.0,0.75,-0.13829365079365077,,
662,Mike Sparken,1,0.0,0,0,0,7.0,16.0,0.0,0.0,0.0,0.0,0.0,,
663,Ken Wharton,16,3.0,0,0,8,12.625,0.75,0.1875,0.0,0.0,0.5,-0.12744666666666668,,
664,Kenneth McAlpine,7,0.0,0,0,5,17.714285714285715,-3.857142857142857,0.0,0.0,0.0,0.7142857142857143,-0.2333333333333333,,
665,Leslie Marr,2,0.0,0,0,1,16.5,4.0,0.0,0.0,0.0,0.5,0.0,,
666,Tony Rolt,3,0.0,0,0,3,17.0,-5.666666666666667,0.0,0.0,0.0,1.0,0.0,,
667,John Fitch,2,0.0,0,0,1,18.5,4.5,0.0,0.0,0.0,0.5,-0.1099206349206349,,
668,Jean Lucas,1,0.0,0,0,1,19.0,3.0,0.0,0.0,0.0,1.0,0.0,,
669,Prince Bira,19,8.0,0,0,9,12.052631578947368,1.0526315789473684,0.42105263157894735,0.0,0.0,0.47368421052631576,-0.13109143990929703,,
670,Onofre Marim횄혣_n,12,8.14,0,2,9,12.833333333333334,-3.3333333333333335,0.6783333333333333,0.0,0.16666666666666666,0.75,-0.07101759259259262,,
671,Roger Loyer,1,0.0,0,0,1,14.0,2.0,0.0,0.0,0.0,1.0,-0.2962962962962963,,
672,Jorge Daponte,2,0.0,0,0,1,13.0,5.5,0.0,0.0,0.0,0.5,-0.7205666666666667,,
673,Mike Nazaruk,3,8.0,0,1,1,9.333333333333334,5.333333333333333,2.6666666666666665,0.0,0.3333333333333333,0.3333333333333333,2.0811546840958606,,
674,Larry Crockett,1,0.0,0,0,0,9.0,16.0,0.0,0.0,0.0,0.0,-0.6388888888888888,,
675,Manny Ayulo,4,2.0,0,1,1,12.25,2.0,0.5,0.0,0.25,0.25,-0.40441176470588236,,
676,Frank Armi,1,0.0,0,0,0,19.0,14.0,0.0,0.0,0.0,0.0,-0.6388888888888888,,
677,Travis Webb,4,0.0,0,0,3,22.75,-0.25,0.0,0.0,0.0,0.75,-0.24279214559386972,,
678,Len Duncan,1,0.0,0,0,1,31.0,-5.0,0.0,0.0,0.0,1.0,0.0,,
679,Ernie McCoy,2,0.0,0,0,0,12.0,8.0,0.0,0.0,0.0,0.0,-0.3194444444444444,,
680,Jacques Swaters,7,0.0,0,0,4,12.857142857142858,5.0,0.0,0.0,0.0,0.5714285714285714,-0.8237971552257265,,
681,Georges Berger,2,0.0,0,0,2,18.5,1.5,0.0,0.0,0.0,1.0,-0.14814814814814814,,
682,Don Beauman,1,0.0,0,0,0,11.0,6.0,0.0,0.0,0.0,0.0,0.0,,
683,Leslie Thorne,1,0.0,0,0,0,14.0,9.0,0.0,0.0,0.0,0.0,0.0,,
684,Bill Whitehouse,1,0.0,0,0,1,17.0,2.0,0.0,0.0,0.0,1.0,0.0,,
685,John Riseley-Prichard,1,0.0,0,0,1,22.0,-1.0,0.0,0.0,0.0,1.0,0.0,,
686,Reg Parnell,7,9.0,0,1,3,10.857142857142858,-0.5714285714285714,1.2857142857142858,0.0,0.14285714285714285,0.42857142857142855,0.16409219748505463,,
687,Peter Whitehead,12,4.0,0,1,7,15.666666666666666,2.272727272727273,0.3333333333333333,0.0,0.08333333333333333,0.5833333333333334,-0.5539889219576719,,
688,Eric Brandon,5,0.0,0,0,1,15.8,2.6,0.0,0.0,0.0,0.2,-0.20833333333333334,,
689,Alan Brown,9,2.0,0,0,3,14.777777777777779,1.7777777777777777,0.2222222222222222,0.0,0.0,0.3333333333333333,0.027777777777777766,,
690,Rodney Nuckey,2,0.0,0,0,1,21.5,3.0,0.0,0.0,0.0,0.5,0.0,,
691,Hermann Lang,2,2.0,0,0,1,8.5,3.5,1.0,0.0,0.0,0.5,-0.7798263888888888,,
692,Theo Helfrich,3,0.0,0,0,2,17.666666666666668,4.666666666666667,0.0,0.0,0.0,0.6666666666666666,0.0,,
693,Fred Wacker,3,0.0,0,0,1,9.666666666666666,6.333333333333333,0.0,0.0,0.0,0.3333333333333333,-0.18386243386243384,,
694,Giovanni de Riu,1,0.0,0,0,1,21.0,0.0,0.0,0.0,0.0,1.0,-0.7205666666666667,,
695,Oscar G횄혣횄혖lvez,1,2.0,0,0,0,5.0,4.0,2.0,0.0,0.0,0.0,1.0128472222222222,,
696,John Barber,1,0.0,0,0,0,8.0,8.0,0.0,0.0,0.0,0.0,0.0,,
697,Felice Bonetto,17,17.5,0,2,8,10.352941176470589,-0.29411764705882354,1.0294117647058822,0.0,0.11764705882352941,0.47058823529411764,0.1864835858585859,,
698,Adolfo Cruz,1,0.0,0,0,1,16.0,-3.0,0.0,0.0,0.0,1.0,0.0,,
699,Duke Nalon,3,0.0,0,0,3,15.333333333333334,-5.0,0.0,0.0,0.0,1.0,-0.8461396052673944,,
700,Carl Scarborough,2,0.0,0,0,1,15.0,2.0,0.0,0.0,0.0,0.5,-0.959685598377282,,
701,Bill Holland,2,6.0,0,1,1,8.5,10.5,3.0,0.0,0.5,0.5,0.932471264367816,,
702,Bob Scott,5,0.0,0,0,3,23.0,-1.2,0.0,0.0,0.0,0.6,-0.2841543513957307,,
703,Arthur Legat,2,0.0,0,0,1,16.5,3.5,0.0,0.0,0.0,0.5,0.0,,
704,Yves Cabantous,13,5.0,0,0,5,11.538461538461538,0.46153846153846156,0.38461538461538464,0.0,0.0,0.38461538461538464,0.15935180890538034,,
705,Tony Crook,2,0.0,0,0,1,24.0,1.0,0.0,0.0,0.0,0.5,-0.25,,
706,Jimmy Stewart,1,0.0,0,0,1,11.0,4.0,0.0,0.0,0.0,1.0,0.0,,
707,Ian Stewart,1,0.0,0,0,1,22.0,-2.0,0.0,0.0,0.0,1.0,0.0,,
708,Duncan Hamilton,5,0.0,0,0,3,16.4,-2.6,0.0,0.0,0.0,0.6,-0.048443619872191264,,
709,Ernst Klodwig,2,0.0,0,0,0,13.5,17.0,0.0,0.0,0.0,0.0,0.0,,
710,Rudolf Krause,2,0.0,0,0,1,17.0,7.5,0.0,0.0,0.0,0.5,0.0,,
711,Oswald Karch,1,0.0,0,0,1,22.0,12.0,0.0,0.0,0.0,1.0,0.0,,
712,Willi Heeks,2,0.0,0,0,2,18.5,-5.0,0.0,0.0,0.0,1.0,0.0,,
713,Theo Fitzau,1,0.0,0,0,1,27.0,-6.0,0.0,0.0,0.0,1.0,0.0,,
714,Kurt Adolff,1,0.0,0,0,1,28.0,-1.0,0.0,0.0,0.0,1.0,-1.3118686868686869,,
715,G횄혣_nther Bechem,2,0.0,0,0,2,23.5,6.5,0.0,0.0,0.0,1.0,0.0,,
716,Erwin Bauer,1,0.0,0,0,1,32.0,1.0,0.0,0.0,0.0,1.0,0.0,,
717,Hans von Stuck,4,0.0,0,0,3,24.5,0.3333333333333333,0.0,0.0,0.0,0.75,-0.4309275793650793,,
718,Ernst Loof,1,0.0,0,0,1,34.0,-3.0,0.0,0.0,0.0,1.0,0.0,,
719,Albert Scherrer,1,0.0,0,0,0,9.0,9.0,0.0,0.0,0.0,0.0,0.0,,
720,Max de Terra,2,0.0,0,0,1,14.5,5.5,0.0,0.0,0.0,0.5,-0.82260101010101,,
721,Peter Hirt,5,0.0,0,0,3,17.2,1.4,0.0,0.0,0.0,0.6,-0.8682171416546417,,
722,Piero Carini,3,0.0,0,0,3,24.333333333333332,-2.3333333333333335,0.0,0.0,0.0,1.0,-1.3023257124819625,,
723,Rudi Fischer,7,10.0,0,2,1,9.857142857142858,1.1428571428571428,1.4285714285714286,0.0,0.2857142857142857,0.14285714285714285,-0.6758556547619046,,
724,Toni Ulmen,2,0.0,0,0,1,13.5,2.0,0.0,0.0,0.0,0.5,0.0,,
725,George Abecassis,2,0.0,0,0,2,17.0,-2.0,0.0,0.0,0.0,1.0,-0.04545454545454545,,
726,George Connor,3,0.0,0,0,1,15.333333333333334,-2.3333333333333335,0.0,0.0,0.0,0.3333333333333333,-0.20634920634920637,,
727,Jim Rigsby,1,0.0,0,0,0,12.0,14.0,0.0,0.0,0.0,0.0,0.0,,
728,Joe James,2,0.0,0,0,1,23.0,0.0,0.0,0.0,0.0,0.5,-0.30952380952380953,,
729,Bill Schindler,3,0.0,0,0,2,17.666666666666668,0.0,0.0,0.0,0.0,0.6666666666666666,-0.37254901960784315,,
730,George Fonder,3,0.0,0,0,1,21.666666666666668,2.3333333333333335,0.0,0.0,0.0,0.3333333333333333,-0.21296296296296294,,
731,Henry Banks,3,0.0,0,0,1,16.666666666666668,0.0,0.0,0.0,0.0,0.3333333333333333,-0.3898148148148148,,
732,Johnny McDowell,3,0.0,0,0,1,23.666666666666668,7.0,0.0,0.0,0.0,0.3333333333333333,-0.5174603174603174,,
733,Chet Miller,2,0.0,0,0,2,27.5,0.0,0.0,0.0,0.0,1.0,-0.8683473389355743,,
734,Bobby Ball,2,2.0,0,0,1,18.5,4.5,1.0,0.0,0.0,0.5,0.5,,
735,Charles de Tornaco,3,0.0,0,0,2,15.333333333333334,4.5,0.0,0.0,0.0,0.6666666666666666,-1.292782738095238,,
736,Roger Laurent,2,0.0,0,0,0,9.0,9.5,0.0,0.0,0.0,0.0,-0.6918459145021644,,
737,Robert O'Brien,1,0.0,0,0,0,14.0,8.0,0.0,0.0,0.0,0.0,-0.3333333333333333,,
738,Tony Gaze,4,0.0,0,0,3,21.75,-0.3333333333333333,0.0,0.0,0.0,0.75,-0.0909090909090909,,
739,Robin Montgomerie-Charrington,1,0.0,0,0,1,16.0,-1.0,0.0,0.0,0.0,1.0,0.0,,
740,Franco Comotti,2,0.0,0,0,1,16.0,5.0,0.0,0.0,0.0,0.5,-0.7311135912698412,,
741,Philippe 횄혣횄짚tancelin,12,3.0,0,0,6,10.416666666666666,0.75,0.25,0.0,0.0,0.5,-0.1789450628736343,,
742,Dennis Poore,2,3.0,0,0,0,8.0,5.5,1.5,0.0,0.0,0.0,0.8,,
743,Eric Thompson,1,2.0,0,0,0,5.0,4.0,2.0,0.0,0.0,0.0,1.3,,
744,Ken Downing,2,0.0,0,0,1,11.0,-2.0,0.0,0.0,0.0,0.5,-0.7,,
745,Graham Whitehead,1,0.0,0,0,0,12.0,0.0,0.0,0.0,0.0,0.0,0.0,,
746,Gino Bianco,4,0.0,0,0,3,20.75,-0.5,0.0,0.0,0.0,0.75,-0.6818181818181818,,
747,David Murray,4,0.0,0,0,4,17.25,2.5,0.0,0.0,0.0,1.0,-0.19537037037037033,,
748,Eitel Cantoni,3,0.0,0,0,2,20.333333333333332,5.0,0.0,0.0,0.0,0.6666666666666666,-0.6818181818181818,,
749,Bill Aston,3,0.0,0,0,3,28.333333333333332,-1.0,0.0,0.0,0.0,1.0,0.0,,
750,Adolf Brudes,1,0.0,0,0,1,16.0,3.0,0.0,0.0,0.0,1.0,0.0,,
751,Fritz Riess,1,0.0,0,0,0,7.0,5.0,0.0,0.0,0.0,0.0,0.0,,
752,Helmut Niedermayr,1,0.0,0,0,0,9.0,13.0,0.0,0.0,0.0,0.0,0.0,,
753,Hans Klenk,1,0.0,0,0,0,11.0,-3.0,0.0,0.0,0.0,0.0,0.0,,
754,Marcel Balsa,1,0.0,0,0,1,17.0,8.0,0.0,0.0,0.0,1.0,0.0,,
755,Rudolf Schoeller,1,0.0,0,0,1,21.0,3.0,0.0,0.0,0.0,1.0,-1.292782738095238,,
756,Paul Pietsch,3,0.0,0,0,3,22.0,-8.333333333333334,0.0,0.0,0.0,1.0,-0.6537037037037036,,
757,Josef Peters,1,0.0,0,0,1,28.0,-8.0,0.0,0.0,0.0,1.0,0.0,,
758,Dries van der Lof,1,0.0,0,0,1,12.0,2.0,0.0,0.0,0.0,1.0,-0.0909090909090909,,
759,Jan Flinterman,2,0.0,0,0,1,13.0,2.5,0.0,0.0,0.0,0.5,-0.6818181818181818,,
760,Piero Dusio,1,0.0,0,0,1,34.0,,0.0,0.0,0.0,1.0,0.0,,
761,Alberto Crespo,1,0.0,0,0,1,26.0,,0.0,0.0,0.0,1.0,-0.6818181818181818,,
762,Franco Rol,5,0.0,0,0,4,14.6,-1.2,0.0,0.0,0.0,0.8,-0.2837542087542087,,
763,Consalvo Sanesi,5,3.0,0,0,2,10.8,-5.8,0.6,0.0,0.0,0.4,-1.9868197278911564,,
764,Guy Mairesse,3,0.0,0,0,1,11.333333333333334,5.666666666666667,0.0,0.0,0.0,0.3333333333333333,-0.17750850340136048,,
765,Henri Louveau,2,0.0,0,0,2,17.5,-4.0,0.0,0.0,0.0,1.0,-0.17750850340136048,,
766,Lee Wallard,2,9.0,1,1,0,3.5,9.0,4.5,0.5,0.5,0.0,3.9411764705882355,,
767,Carl Forberg,1,0.0,0,0,0,7.0,17.0,0.0,0.0,0.0,0.0,-1.1176470588235294,,
768,Mauri Rose,2,4.0,0,1,1,8.5,-4.5,2.0,0.0,0.5,0.5,0.33333333333333326,,
769,Bill Mackey,1,0.0,0,0,1,19.0,14.0,0.0,0.0,0.0,1.0,0.0,,
770,Cecil Green,2,3.0,0,0,1,13.0,-2.0,1.5,0.0,0.0,0.5,0.4745098039215685,,
771,Walt Brown,2,0.0,0,0,1,22.5,-6.0,0.0,0.0,0.0,0.5,-1.0254901960784313,,
772,Mack Hellings,2,0.0,0,0,1,22.0,2.5,0.0,0.0,0.0,0.5,-0.4666666666666666,,
773,Pierre Levegh,6,0.0,0,0,3,10.166666666666666,5.0,0.0,0.0,0.0,0.5,-0.17750850340136048,,
774,Eug횄혣횂짭ne Chaboud,3,1.0,0,0,1,8.0,2.3333333333333335,0.3333333333333333,0.0,0.0,0.3333333333333333,0.07249149659863949,,
775,Aldo Gordini,1,0.0,0,0,1,15.0,2.0,0.0,0.0,0.0,1.0,0.0,,
776,Joe Kelly,2,0.0,0,0,2,14.0,4.5,0.0,0.0,0.0,1.0,0.0,,
777,Philip Fotheringham-Parker,1,0.0,0,0,1,17.0,-1.0,0.0,0.0,0.0,1.0,0.0,,
778,Brian Shawe Taylor,2,0.0,0,0,0,9.0,7.0,0.0,0.0,0.0,0.0,-0.0847222222222222,,
779,John James,1,0.0,0,0,1,20.0,-3.0,0.0,0.0,0.0,1.0,0.0,,
780,Toni Branca,3,0.0,0,0,1,14.0,1.0,0.0,0.0,0.0,0.3333333333333333,-0.0847222222222222,,
781,Ken Richardson,1,0.0,0,0,1,22.0,-12.0,0.0,0.0,0.0,1.0,-0.3333333333333333,,
782,Juan Jover,1,0.0,0,0,1,20.0,-2.0,0.0,0.0,0.0,1.0,0.0,,
783,Georges Grignard,1,0.0,0,0,1,16.0,0.0,0.0,0.0,0.0,1.0,-0.0544217687074829,,
784,David Hampshire,2,0.0,0,0,1,12.5,4.0,0.0,0.0,0.0,0.5,-0.1694444444444444,,
785,Geoff Crossley,2,0.0,0,0,1,12.5,2.0,0.0,0.0,0.0,0.5,0.0,,
786,Luigi Fagioli,8,32.0,1,6,1,4.375,-0.75,4.0,0.125,0.75,0.125,0.9715136054421769,,
787,Cuth Harrison,3,0.0,0,0,2,11.0,5.666666666666667,0.0,0.0,0.0,0.6666666666666666,0.0,,
788,Joe Fry,1,0.0,0,0,0,10.0,10.0,0.0,0.0,0.0,0.0,-0.1694444444444444,,
789,Eug횄혣횂짭ne Martin,2,0.0,0,0,2,16.5,-8.5,0.0,0.0,0.0,1.0,-0.3005952380952381,,
790,Leslie Johnson,1,0.0,0,0,1,21.0,-9.0,0.0,0.0,0.0,1.0,0.0,,
791,Clemente Biondetti,1,0.0,0,0,1,18.0,7.0,0.0,0.0,0.0,1.0,-1.3055555555555556,,
792,Alfredo Pi횄혣횄혖n,1,0.0,0,0,1,21.0,-3.0,0.0,0.0,0.0,1.0,-0.1694444444444444,,
793,Raymond Sommer,5,3.0,0,0,4,11.6,-1.4,0.6,0.0,0.0,0.8,-0.053075396825396845,,
794,Joie Chitwood,1,1.0,0,0,0,5.0,4.0,1.0,0.0,0.0,0.0,0.0666666666666666,,
795,Myron Fohr,1,0.0,0,0,0,11.0,5.0,0.0,0.0,0.0,0.0,0.0,,
796,Walt Ader,1,0.0,0,0,0,22.0,7.0,0.0,0.0,0.0,0.0,0.0,,
797,Jackie Holmes,2,0.0,0,0,2,21.0,3.0,0.0,0.0,0.0,1.0,-0.40086206896551724,,
798,Bayliss Levrett,1,0.0,0,0,1,27.0,-10.0,0.0,0.0,0.0,1.0,0.0,,
799,Jimmy Jackson,2,0.0,0,0,1,22.0,-2.0,0.0,0.0,0.0,0.5,-0.786111111111111,,
800,Nello Pagani,1,0.0,0,0,0,7.0,8.0,0.0,0.0,0.0,0.0,-0.1694444444444444,,
801,Charles Pozzi,1,0.0,0,0,0,6.0,9.0,0.0,0.0,0.0,0.0,-0.3005952380952381,,
802,Dorino Serafini,1,3.0,0,1,0,2.0,4.0,3.0,0.0,1.0,0.0,1.6944444444444444,,
803,Bill Cantrell,1,0.0,0,0,1,27.0,-10.0,0.0,0.0,0.0,1.0,0.0,,
804,Johnny Mantz,1,0.0,0,0,0,17.0,-3.0,0.0,0.0,0.0,0.0,-0.8017241379310345,,
805,Danny Kladis,1,0.0,0,0,1,30.0,-1.0,0.0,0.0,0.0,1.0,0.0,,
806,횄혣횄혪scar Gonz횄혣횄혖lez,1,0.0,0,0,0,6.0,7.0,0.0,0.0,0.0,0.0,-0.585042735042735,,
807,Nico H횄혣_lkenberg,137,405.0,0,0,30,11.554744525547445,-1.4087591240875912,2.9562043795620436,0.0,0.0,0.21897810218978103,0.2106963838166846,65.44117647058823,92525.5
808,Vitaly Petrov,58,64.0,0,1,13,14.362068965517242,0.2413793103448276,1.103448275862069,0.0,0.017241379310344827,0.22413793103448276,-0.8946039340776184,42.10526315789473,92849.0
810,Lucas di Grassi,19,0.0,0,0,8,19.31578947368421,2.736842105263158,0.0,0.0,0.0,0.42105263157894735,0.0,,
811,Bruno Senna,46,33.0,0,0,14,15.695652173913043,1.2173913043478262,0.717391304347826,0.0,0.0,0.30434782608695654,-0.6209197235513025,41.30434782608695,93935.5
812,Karun Chandhok,11,0.0,0,0,4,18.181818181818183,4.818181818181818,0.0,0.0,0.0,0.36363636363636365,0.0,,
813,Pastor Maldonado,96,76.0,1,1,32,15.010416666666666,-0.84375,0.7916666666666666,0.010416666666666666,0.010416666666666666,0.3333333333333333,-0.11947368421052622,44.565217391304344,93392.0
814,Paul di Resta,59,121.0,0,0,11,11.847457627118644,0.2711864406779661,2.0508474576271185,0.0,0.0,0.1864406779661017,-0.43519736842105267,37.28813559322034,92651.0
815,Sergio P횄혣횂짤rez,136,467.0,0,7,22,10.558823529411764,0.6296296296296297,3.4338235294117645,0.0,0.051470588235294115,0.16176470588235295,0.011247364442853267,50.37037037037037,93295.0
816,J횄혣횂짤r횄혣횂짬me d'Ambrosio,20,0.0,0,0,3,18.35,3.2,0.0,0.0,0.0,0.15,-2.567105263157895,,
817,Daniel Ricciardo,129,816.0,5,27,19,9.720930232558139,0.0,6.325581395348837,0.03875968992248062,0.20930232558139536,0.14728682170542637,0.750795756899251,52.75590551181102,92804.0
818,Jean-횄혣횄짚ric Vergne,58,51.0,0,0,14,13.982758620689655,0.08620689655172414,0.8793103448275862,0.0,0.0,0.2413793103448276,0.11140350877192984,39.6551724137931,93901.0
819,Charles Pic,39,0.0,0,0,9,18.076923076923077,2.5384615384615383,0.0,0.0,0.0,0.23076923076923078,0.0,43.58974358974359,95283.0
820,Max Chilton,35,0.0,0,0,3,17.685714285714287,2.4,0.0,0.0,0.0,0.08571428571428572,-0.0333333333333333,11.428571428571429,95858.0
821,Esteban Guti횄혣횂짤rrez,59,6.0,0,0,15,15.067796610169491,0.2033898305084746,0.1016949152542373,0.0,0.0,0.2542372881355932,-0.6248955722639933,39.6551724137931,93701.5
822,Valtteri Bottas,98,716.0,3,22,10,8.346938775510203,-0.44329896907216493,7.3061224489795915,0.030612244897959183,0.22448979591836735,0.10204081632653061,0.23080200501253137,54.08163265306123,92498.0
823,Giedo van der Garde,19,0.0,0,0,4,18.05263157894737,1.3157894736842106,0.0,0.0,0.0,0.21052631578947367,0.0,,
824,Jules Bianchi,34,2.0,0,0,7,17.11764705882353,1.7058823529411764,0.058823529411764705,0.0,0.0,0.20588235294117646,0.0333333333333333,87.87878787878788,94958.0
825,Kevin Magnussen,61,81.0,0,1,12,12.737704918032787,0.8360655737704918,1.3278688524590163,0.0,0.01639344262295082,0.19672131147540983,-0.6087423419660262,53.333333333333336,93102.0
826,Daniil Kvyat,74,133.0,0,2,19,12.594594594594595,-0.8648648648648649,1.7972972972972974,0.0,0.02702702702702703,0.25675675675675674,-1.3509386210624599,37.83783783783784,94099.5
827,Andr횄혣횂짤 Lotterer,1,0.0,0,0,1,22.0,-1.0,0.0,0.0,0.0,1.0,0.0,,
828,Marcus Ericsson,76,9.0,0,0,20,15.447368421052632,1.881578947368421,0.11842105263157894,0.0,0.0,0.2631578947368421,-0.15347396268448898,44.5945945945946,94306.5
829,Will Stevens,19,0.0,0,0,3,16.63157894736842,1.2777777777777777,0.0,0.0,0.0,0.15789473684210525,0.0,,
830,Max Verstappen,60,421.0,3,11,15,9.05,-1.3728813559322033,7.016666666666667,0.05,0.18333333333333332,0.25,0.7626425131456094,59.32203389830508,91920.0
831,Felipe Nasr,40,29.0,0,0,7,14.15,2.230769230769231,0.725,0.0,0.0,0.175,0.2606516290726817,46.15384615384615,94388.0
832,Carlos Sainz,60,118.0,0,0,19,12.3,-0.4576271186440678,1.9666666666666666,0.0,0.0,0.31666666666666665,0.44152415352105745,55.932203389830505,92118.0
833,Roberto Merhi,13,0.0,0,0,1,15.692307692307692,2.5384615384615383,0.0,0.0,0.0,0.07692307692307693,0.0,,
834,Alexander Rossi,5,0.0,0,0,0,15.4,2.4,0.0,0.0,0.0,0.0,0.0,,
835,Jolyon Palmer,37,9.0,0,0,11,15.27027027027027,1.054054054054054,0.24324324324324326,0.0,0.0,0.2972972972972973,-0.5130952380952382,28.57142857142857,92796.0
836,Pascal Wehrlein,39,6.0,0,0,8,16.128205128205128,1.2564102564102564,0.15384615384615385,0.0,0.0,0.20512820512820512,0.1084656084656084,63.1578947368421,92978.5
837,Rio Haryanto,12,0.0,0,0,3,18.666666666666668,1.1666666666666667,0.0,0.0,0.0,0.25,-0.0158730158730158,,
838,Stoffel Vandoorne,21,14.0,0,0,6,13.523809523809524,0.9523809523809523,0.6666666666666666,0.0,0.0,0.2857142857142857,-0.21578947368421053,,
839,Esteban Ocon,29,87.0,0,0,1,11.10344827586207,1.793103448275862,3.0,0.0,0.0,0.034482758620689655,-0.170436507936508,,
840,Lance Stroll,20,40.0,0,1,5,12.4,1.75,2.0,0.0,0.05,0.25,0.5789473684210524,,
841,Antonio Giovinazzi,2,0.0,0,0,1,15.5,1.5,0.0,0.0,0.0,0.5,-0.0925925925925926,,
842,Pierre Gasly,5,0.0,0,0,0,13.6,3.4,0.0,0.0,0.0,0.0,-0.8333333333333334,,
843,Brendon Hartley,4,0.0,0,0,2,15.75,2.75,0.0,0.0,0.0,0.5,-0.8333333333333334,,
